set names 'utf8';

INSERT INTO `AttributeValue` (`id`, `object_id`, `attr_id`) VALUES (1,905,2);
INSERT INTO `AttributeValue` (`id`, `object_id`, `attr_id`) VALUES (2,906,2);
INSERT INTO `AttributeValue` (`id`, `object_id`, `attr_id`) VALUES (3,915,2);
INSERT INTO `AttributeValue` (`id`, `object_id`, `attr_id`) VALUES (4,915,4);
INSERT INTO `AttributeValue` (`id`, `object_id`, `attr_id`) VALUES (5,917,2);
INSERT INTO `AttributeValue` (`id`, `object_id`, `attr_id`) VALUES (6,916,2);
INSERT INTO `AttributeValue` (`id`, `object_id`, `attr_id`) VALUES (7,910,2);
INSERT INTO `AttributeValue` (`id`, `object_id`, `attr_id`) VALUES (8,910,4);
INSERT INTO `AttributeValue` (`id`, `object_id`, `attr_id`) VALUES (9,911,4);
INSERT INTO `AttributeValue` (`id`, `object_id`, `attr_id`) VALUES (10,911,2);
INSERT INTO `AttributeValue` (`id`, `object_id`, `attr_id`) VALUES (11,912,4);
INSERT INTO `AttributeValue` (`id`, `object_id`, `attr_id`) VALUES (12,912,2);
INSERT INTO `AttributeValue` (`id`, `object_id`, `attr_id`) VALUES (13,913,2);
INSERT INTO `AttributeValue` (`id`, `object_id`, `attr_id`) VALUES (14,913,4);
INSERT INTO `AttributeValue` (`id`, `object_id`, `attr_id`) VALUES (15,914,2);
INSERT INTO `AttributeValue` (`id`, `object_id`, `attr_id`) VALUES (16,914,4);
INSERT INTO `AttributeValue` (`id`, `object_id`, `attr_id`) VALUES (17,918,2);
INSERT INTO `AttributeValue` (`id`, `object_id`, `attr_id`) VALUES (18,918,4);
INSERT INTO `AttributeValue` (`id`, `object_id`, `attr_id`) VALUES (19,919,2);
INSERT INTO `AttributeValue` (`id`, `object_id`, `attr_id`) VALUES (20,919,4);
INSERT INTO `AttributeValue` (`id`, `object_id`, `attr_id`) VALUES (21,920,2);
INSERT INTO `AttributeValue` (`id`, `object_id`, `attr_id`) VALUES (22,921,2);
INSERT INTO `AttributeValue` (`id`, `object_id`, `attr_id`) VALUES (23,922,2);
INSERT INTO `AttributeValue` (`id`, `object_id`, `attr_id`) VALUES (24,923,2);
INSERT INTO `AttributeValue` (`id`, `object_id`, `attr_id`) VALUES (25,923,4);
INSERT INTO `AttributeValue` (`id`, `object_id`, `attr_id`) VALUES (26,926,2);
INSERT INTO `AttributeValue` (`id`, `object_id`, `attr_id`) VALUES (27,926,4);
INSERT INTO `AttributeValue` (`id`, `object_id`, `attr_id`) VALUES (28,925,2);
INSERT INTO `AttributeValue` (`id`, `object_id`, `attr_id`) VALUES (29,925,4);
INSERT INTO `AttributeValue` (`id`, `object_id`, `attr_id`) VALUES (30,924,2);
INSERT INTO `AttributeValue` (`id`, `object_id`, `attr_id`) VALUES (31,924,4);
INSERT INTO `AttributeValue` (`id`, `object_id`, `attr_id`) VALUES (32,907,2);
INSERT INTO `AttributeValue` (`id`, `object_id`, `attr_id`) VALUES (33,907,4);
INSERT INTO `AttributeValue` (`id`, `object_id`, `attr_id`) VALUES (34,927,2);
INSERT INTO `AttributeValue` (`id`, `object_id`, `attr_id`) VALUES (35,927,4);
INSERT INTO `AttributeValue` (`id`, `object_id`, `attr_id`) VALUES (36,956,2);
INSERT INTO `AttributeValue` (`id`, `object_id`, `attr_id`) VALUES (37,956,4);
INSERT INTO `AttributeValue` (`id`, `object_id`, `attr_id`) VALUES (38,957,2);
INSERT INTO `AttributeValue` (`id`, `object_id`, `attr_id`) VALUES (39,957,4);
INSERT INTO `AttributeValue` (`id`, `object_id`, `attr_id`) VALUES (40,958,2);
INSERT INTO `AttributeValue` (`id`, `object_id`, `attr_id`) VALUES (41,958,4);
INSERT INTO `AttributeValue` (`id`, `object_id`, `attr_id`) VALUES (42,959,2);
INSERT INTO `AttributeValue` (`id`, `object_id`, `attr_id`) VALUES (43,959,4);
INSERT INTO `AttributeValue` (`id`, `object_id`, `attr_id`) VALUES (44,960,2);
INSERT INTO `AttributeValue` (`id`, `object_id`, `attr_id`) VALUES (45,960,4);
INSERT INTO `AttributeValue` (`id`, `object_id`, `attr_id`) VALUES (46,961,2);
INSERT INTO `AttributeValue` (`id`, `object_id`, `attr_id`) VALUES (47,962,2);
0a308,354
INSERT INTO `AttributeValue__r` (`id`, `rev`, `rev_terminal`, `string_value`, `uint_value`, `float_value`) VALUES (1,0,0,NULL,269,NULL);
INSERT INTO `AttributeValue__r` (`id`, `rev`, `rev_terminal`, `string_value`, `uint_value`, `float_value`) VALUES (2,0,0,NULL,165,NULL);
INSERT INTO `AttributeValue__r` (`id`, `rev`, `rev_terminal`, `string_value`, `uint_value`, `float_value`) VALUES (3,0,0,NULL,118,NULL);
INSERT INTO `AttributeValue__r` (`id`, `rev`, `rev_terminal`, `string_value`, `uint_value`, `float_value`) VALUES (4,0,0,NULL,245,NULL);
INSERT INTO `AttributeValue__r` (`id`, `rev`, `rev_terminal`, `string_value`, `uint_value`, `float_value`) VALUES (5,0,0,NULL,267,NULL);
INSERT INTO `AttributeValue__r` (`id`, `rev`, `rev_terminal`, `string_value`, `uint_value`, `float_value`) VALUES (6,0,0,NULL,320,NULL);
INSERT INTO `AttributeValue__r` (`id`, `rev`, `rev_terminal`, `string_value`, `uint_value`, `float_value`) VALUES (7,0,0,NULL,57,NULL);
INSERT INTO `AttributeValue__r` (`id`, `rev`, `rev_terminal`, `string_value`, `uint_value`, `float_value`) VALUES (8,0,0,NULL,220,NULL);
INSERT INTO `AttributeValue__r` (`id`, `rev`, `rev_terminal`, `string_value`, `uint_value`, `float_value`) VALUES (9,0,0,NULL,220,NULL);
INSERT INTO `AttributeValue__r` (`id`, `rev`, `rev_terminal`, `string_value`, `uint_value`, `float_value`) VALUES (10,0,0,NULL,57,NULL);
INSERT INTO `AttributeValue__r` (`id`, `rev`, `rev_terminal`, `string_value`, `uint_value`, `float_value`) VALUES (11,0,0,NULL,220,NULL);
INSERT INTO `AttributeValue__r` (`id`, `rev`, `rev_terminal`, `string_value`, `uint_value`, `float_value`) VALUES (12,0,0,NULL,57,NULL);
INSERT INTO `AttributeValue__r` (`id`, `rev`, `rev_terminal`, `string_value`, `uint_value`, `float_value`) VALUES (13,0,0,NULL,57,NULL);
INSERT INTO `AttributeValue__r` (`id`, `rev`, `rev_terminal`, `string_value`, `uint_value`, `float_value`) VALUES (14,0,0,NULL,220,NULL);
INSERT INTO `AttributeValue__r` (`id`, `rev`, `rev_terminal`, `string_value`, `uint_value`, `float_value`) VALUES (15,0,0,NULL,57,NULL);
INSERT INTO `AttributeValue__r` (`id`, `rev`, `rev_terminal`, `string_value`, `uint_value`, `float_value`) VALUES (16,0,0,NULL,220,NULL);
INSERT INTO `AttributeValue__r` (`id`, `rev`, `rev_terminal`, `string_value`, `uint_value`, `float_value`) VALUES (17,0,0,NULL,88,NULL);
INSERT INTO `AttributeValue__r` (`id`, `rev`, `rev_terminal`, `string_value`, `uint_value`, `float_value`) VALUES (18,0,0,NULL,220,NULL);
INSERT INTO `AttributeValue__r` (`id`, `rev`, `rev_terminal`, `string_value`, `uint_value`, `float_value`) VALUES (19,0,0,NULL,88,NULL);
INSERT INTO `AttributeValue__r` (`id`, `rev`, `rev_terminal`, `string_value`, `uint_value`, `float_value`) VALUES (20,0,0,NULL,220,NULL);
INSERT INTO `AttributeValue__r` (`id`, `rev`, `rev_terminal`, `string_value`, `uint_value`, `float_value`) VALUES (21,0,0,NULL,326,NULL);
INSERT INTO `AttributeValue__r` (`id`, `rev`, `rev_terminal`, `string_value`, `uint_value`, `float_value`) VALUES (22,0,0,NULL,318,NULL);
INSERT INTO `AttributeValue__r` (`id`, `rev`, `rev_terminal`, `string_value`, `uint_value`, `float_value`) VALUES (23,0,0,NULL,318,NULL);
INSERT INTO `AttributeValue__r` (`id`, `rev`, `rev_terminal`, `string_value`, `uint_value`, `float_value`) VALUES (24,0,0,NULL,102,NULL);
INSERT INTO `AttributeValue__r` (`id`, `rev`, `rev_terminal`, `string_value`, `uint_value`, `float_value`) VALUES (25,0,0,NULL,233,NULL);
INSERT INTO `AttributeValue__r` (`id`, `rev`, `rev_terminal`, `string_value`, `uint_value`, `float_value`) VALUES (26,0,0,NULL,126,NULL);
INSERT INTO `AttributeValue__r` (`id`, `rev`, `rev_terminal`, `string_value`, `uint_value`, `float_value`) VALUES (27,0,0,NULL,244,NULL);
INSERT INTO `AttributeValue__r` (`id`, `rev`, `rev_terminal`, `string_value`, `uint_value`, `float_value`) VALUES (28,0,0,NULL,102,NULL);
INSERT INTO `AttributeValue__r` (`id`, `rev`, `rev_terminal`, `string_value`, `uint_value`, `float_value`) VALUES (29,0,0,NULL,233,NULL);
INSERT INTO `AttributeValue__r` (`id`, `rev`, `rev_terminal`, `string_value`, `uint_value`, `float_value`) VALUES (30,0,0,NULL,102,NULL);
INSERT INTO `AttributeValue__r` (`id`, `rev`, `rev_terminal`, `string_value`, `uint_value`, `float_value`) VALUES (31,0,0,NULL,233,NULL);
INSERT INTO `AttributeValue__r` (`id`, `rev`, `rev_terminal`, `string_value`, `uint_value`, `float_value`) VALUES (32,0,0,NULL,269,NULL);
INSERT INTO `AttributeValue__r` (`id`, `rev`, `rev_terminal`, `string_value`, `uint_value`, `float_value`) VALUES (33,0,0,NULL,258,NULL);
INSERT INTO `AttributeValue__r` (`id`, `rev`, `rev_terminal`, `string_value`, `uint_value`, `float_value`) VALUES (34,0,0,NULL,269,NULL);
INSERT INTO `AttributeValue__r` (`id`, `rev`, `rev_terminal`, `string_value`, `uint_value`, `float_value`) VALUES (35,0,0,NULL,258,NULL);
INSERT INTO `AttributeValue__r` (`id`, `rev`, `rev_terminal`, `string_value`, `uint_value`, `float_value`) VALUES (36,0,0,NULL,62,NULL);
INSERT INTO `AttributeValue__r` (`id`, `rev`, `rev_terminal`, `string_value`, `uint_value`, `float_value`) VALUES (37,0,0,NULL,791,NULL);
INSERT INTO `AttributeValue__r` (`id`, `rev`, `rev_terminal`, `string_value`, `uint_value`, `float_value`) VALUES (38,0,0,NULL,62,NULL);
INSERT INTO `AttributeValue__r` (`id`, `rev`, `rev_terminal`, `string_value`, `uint_value`, `float_value`) VALUES (39,0,0,NULL,791,NULL);
INSERT INTO `AttributeValue__r` (`id`, `rev`, `rev_terminal`, `string_value`, `uint_value`, `float_value`) VALUES (40,0,0,NULL,62,NULL);
INSERT INTO `AttributeValue__r` (`id`, `rev`, `rev_terminal`, `string_value`, `uint_value`, `float_value`) VALUES (41,0,0,NULL,791,NULL);
INSERT INTO `AttributeValue__r` (`id`, `rev`, `rev_terminal`, `string_value`, `uint_value`, `float_value`) VALUES (42,0,0,NULL,62,NULL);
INSERT INTO `AttributeValue__r` (`id`, `rev`, `rev_terminal`, `string_value`, `uint_value`, `float_value`) VALUES (43,0,0,NULL,791,NULL);
INSERT INTO `AttributeValue__r` (`id`, `rev`, `rev_terminal`, `string_value`, `uint_value`, `float_value`) VALUES (44,0,0,NULL,62,NULL);
INSERT INTO `AttributeValue__r` (`id`, `rev`, `rev_terminal`, `string_value`, `uint_value`, `float_value`) VALUES (45,0,0,NULL,791,NULL);
INSERT INTO `AttributeValue__r` (`id`, `rev`, `rev_terminal`, `string_value`, `uint_value`, `float_value`) VALUES (46,0,0,NULL,755,NULL);
INSERT INTO `AttributeValue__r` (`id`, `rev`, `rev_terminal`, `string_value`, `uint_value`, `float_value`) VALUES (47,0,0,NULL,470,NULL);
14a2509,2543
INSERT INTO `IPv4Address` (`id`, `ip`) VALUES (1,180879678);
INSERT INTO `IPv4Address` (`id`, `ip`) VALUES (2,180879617);
INSERT INTO `IPv4Address` (`id`, `ip`) VALUES (3,180879680);
INSERT INTO `IPv4Address` (`id`, `ip`) VALUES (4,180879743);
INSERT INTO `IPv4Address` (`id`, `ip`) VALUES (5,180879681);
INSERT INTO `IPv4Address` (`id`, `ip`) VALUES (6,180879683);
INSERT INTO `IPv4Address` (`id`, `ip`) VALUES (7,180879684);
INSERT INTO `IPv4Address` (`id`, `ip`) VALUES (8,180879685);
INSERT INTO `IPv4Address` (`id`, `ip`) VALUES (9,180879616);
INSERT INTO `IPv4Address` (`id`, `ip`) VALUES (10,180879679);
INSERT INTO `IPv4Address` (`id`, `ip`) VALUES (11,180879686);
INSERT INTO `IPv4Address` (`id`, `ip`) VALUES (12,180879687);
INSERT INTO `IPv4Address` (`id`, `ip`) VALUES (13,180879360);
INSERT INTO `IPv4Address` (`id`, `ip`) VALUES (14,180879361);
INSERT INTO `IPv4Address` (`id`, `ip`) VALUES (15,180880192);
INSERT INTO `IPv4Address` (`id`, `ip`) VALUES (16,180880255);
INSERT INTO `IPv4Address` (`id`, `ip`) VALUES (17,180880448);
INSERT INTO `IPv4Address` (`id`, `ip`) VALUES (18,180880511);
INSERT INTO `IPv4Address` (`id`, `ip`) VALUES (19,180880384);
INSERT INTO `IPv4Address` (`id`, `ip`) VALUES (20,180880447);
INSERT INTO `IPv4Address` (`id`, `ip`) VALUES (21,180880128);
INSERT INTO `IPv4Address` (`id`, `ip`) VALUES (22,180880191);
INSERT INTO `IPv4Address` (`id`, `ip`) VALUES (23,180879936);
INSERT INTO `IPv4Address` (`id`, `ip`) VALUES (24,180879999);
INSERT INTO `IPv4Address` (`id`, `ip`) VALUES (25,180879872);
INSERT INTO `IPv4Address` (`id`, `ip`) VALUES (26,180879935);
INSERT INTO `IPv4Address` (`id`, `ip`) VALUES (27,180880193);
INSERT INTO `IPv4Address` (`id`, `ip`) VALUES (28,180880194);
INSERT INTO `IPv4Address` (`id`, `ip`) VALUES (29,180880195);
INSERT INTO `IPv4Address` (`id`, `ip`) VALUES (30,180879618);
INSERT INTO `IPv4Address` (`id`, `ip`) VALUES (31,180879677);
INSERT INTO `IPv4Address` (`id`, `ip`) VALUES (32,180879676);
INSERT INTO `IPv4Address` (`id`, `ip`) VALUES (33,180879675);
INSERT INTO `IPv4Address` (`id`, `ip`) VALUES (34,180880254);
INSERT INTO `IPv4Address` (`id`, `ip`) VALUES (35,180880504);
35a2565,2599
INSERT INTO `IPv4Address__r` (`id`, `rev`, `rev_terminal`, `name`, `reserved`) VALUES (1,0,0,'default gw','no');
INSERT INTO `IPv4Address__r` (`id`, `rev`, `rev_terminal`, `name`, `reserved`) VALUES (2,0,0,'',NULL);
INSERT INTO `IPv4Address__r` (`id`, `rev`, `rev_terminal`, `name`, `reserved`) VALUES (3,0,0,'network','yes');
INSERT INTO `IPv4Address__r` (`id`, `rev`, `rev_terminal`, `name`, `reserved`) VALUES (4,0,0,'broadcast','yes');
INSERT INTO `IPv4Address__r` (`id`, `rev`, `rev_terminal`, `name`, `reserved`) VALUES (5,0,0,'',NULL);
INSERT INTO `IPv4Address__r` (`id`, `rev`, `rev_terminal`, `name`, `reserved`) VALUES (6,0,0,'',NULL);
INSERT INTO `IPv4Address__r` (`id`, `rev`, `rev_terminal`, `name`, `reserved`) VALUES (7,0,0,'',NULL);
INSERT INTO `IPv4Address__r` (`id`, `rev`, `rev_terminal`, `name`, `reserved`) VALUES (8,0,0,'',NULL);
INSERT INTO `IPv4Address__r` (`id`, `rev`, `rev_terminal`, `name`, `reserved`) VALUES (9,0,0,'network','yes');
INSERT INTO `IPv4Address__r` (`id`, `rev`, `rev_terminal`, `name`, `reserved`) VALUES (10,0,0,'broadcast','yes');
INSERT INTO `IPv4Address__r` (`id`, `rev`, `rev_terminal`, `name`, `reserved`) VALUES (11,0,0,'',NULL);
INSERT INTO `IPv4Address__r` (`id`, `rev`, `rev_terminal`, `name`, `reserved`) VALUES (12,0,0,'',NULL);
INSERT INTO `IPv4Address__r` (`id`, `rev`, `rev_terminal`, `name`, `reserved`) VALUES (13,0,0,'',NULL);
INSERT INTO `IPv4Address__r` (`id`, `rev`, `rev_terminal`, `name`, `reserved`) VALUES (14,0,0,'',NULL);
INSERT INTO `IPv4Address__r` (`id`, `rev`, `rev_terminal`, `name`, `reserved`) VALUES (15,0,0,'network','yes');
INSERT INTO `IPv4Address__r` (`id`, `rev`, `rev_terminal`, `name`, `reserved`) VALUES (16,0,0,'broadcast','yes');
INSERT INTO `IPv4Address__r` (`id`, `rev`, `rev_terminal`, `name`, `reserved`) VALUES (17,0,0,'network','yes');
INSERT INTO `IPv4Address__r` (`id`, `rev`, `rev_terminal`, `name`, `reserved`) VALUES (18,0,0,'broadcast','yes');
INSERT INTO `IPv4Address__r` (`id`, `rev`, `rev_terminal`, `name`, `reserved`) VALUES (19,0,0,'network','yes');
INSERT INTO `IPv4Address__r` (`id`, `rev`, `rev_terminal`, `name`, `reserved`) VALUES (20,0,0,'broadcast','yes');
INSERT INTO `IPv4Address__r` (`id`, `rev`, `rev_terminal`, `name`, `reserved`) VALUES (21,0,0,'network','no');
INSERT INTO `IPv4Address__r` (`id`, `rev`, `rev_terminal`, `name`, `reserved`) VALUES (22,0,0,'broadcast','no');
INSERT INTO `IPv4Address__r` (`id`, `rev`, `rev_terminal`, `name`, `reserved`) VALUES (23,0,0,'network','yes');
INSERT INTO `IPv4Address__r` (`id`, `rev`, `rev_terminal`, `name`, `reserved`) VALUES (24,0,0,'broadcast','yes');
INSERT INTO `IPv4Address__r` (`id`, `rev`, `rev_terminal`, `name`, `reserved`) VALUES (25,0,0,'network','yes');
INSERT INTO `IPv4Address__r` (`id`, `rev`, `rev_terminal`, `name`, `reserved`) VALUES (26,0,0,'broadcast','yes');
INSERT INTO `IPv4Address__r` (`id`, `rev`, `rev_terminal`, `name`, `reserved`) VALUES (27,0,0,'',NULL);
INSERT INTO `IPv4Address__r` (`id`, `rev`, `rev_terminal`, `name`, `reserved`) VALUES (28,0,0,'',NULL);
INSERT INTO `IPv4Address__r` (`id`, `rev`, `rev_terminal`, `name`, `reserved`) VALUES (29,0,0,'',NULL);
INSERT INTO `IPv4Address__r` (`id`, `rev`, `rev_terminal`, `name`, `reserved`) VALUES (30,0,0,'',NULL);
INSERT INTO `IPv4Address__r` (`id`, `rev`, `rev_terminal`, `name`, `reserved`) VALUES (31,0,0,'',NULL);
INSERT INTO `IPv4Address__r` (`id`, `rev`, `rev_terminal`, `name`, `reserved`) VALUES (32,0,0,'',NULL);
INSERT INTO `IPv4Address__r` (`id`, `rev`, `rev_terminal`, `name`, `reserved`) VALUES (33,0,0,'',NULL);
INSERT INTO `IPv4Address__r` (`id`, `rev`, `rev_terminal`, `name`, `reserved`) VALUES (34,0,0,'',NULL);
INSERT INTO `IPv4Address__r` (`id`, `rev`, `rev_terminal`, `name`, `reserved`) VALUES (35,0,0,'for field engineer','yes');
51a2616,2670
INSERT INTO `IPv4Allocation` (`id`, `object_id`, `ip`) VALUES (1,905,180879678);
INSERT INTO `IPv4Allocation` (`id`, `object_id`, `ip`) VALUES (2,906,180879617);
INSERT INTO `IPv4Allocation` (`id`, `object_id`, `ip`) VALUES (3,910,180879681);
INSERT INTO `IPv4Allocation` (`id`, `object_id`, `ip`) VALUES (4,911,180879682);
INSERT INTO `IPv4Allocation` (`id`, `object_id`, `ip`) VALUES (5,912,180879683);
INSERT INTO `IPv4Allocation` (`id`, `object_id`, `ip`) VALUES (6,913,180879684);
INSERT INTO `IPv4Allocation` (`id`, `object_id`, `ip`) VALUES (7,914,180879685);
INSERT INTO `IPv4Allocation` (`id`, `object_id`, `ip`) VALUES (8,918,180879686);
INSERT INTO `IPv4Allocation` (`id`, `object_id`, `ip`) VALUES (9,919,180879687);
INSERT INTO `IPv4Allocation` (`id`, `object_id`, `ip`) VALUES (10,908,180879360);
INSERT INTO `IPv4Allocation` (`id`, `object_id`, `ip`) VALUES (11,905,180879361);
INSERT INTO `IPv4Allocation` (`id`, `object_id`, `ip`) VALUES (12,923,180880193);
INSERT INTO `IPv4Allocation` (`id`, `object_id`, `ip`) VALUES (13,924,180880194);
INSERT INTO `IPv4Allocation` (`id`, `object_id`, `ip`) VALUES (14,925,180880195);
INSERT INTO `IPv4Allocation` (`id`, `object_id`, `ip`) VALUES (15,915,180879618);
INSERT INTO `IPv4Allocation` (`id`, `object_id`, `ip`) VALUES (16,915,180879677);
INSERT INTO `IPv4Allocation` (`id`, `object_id`, `ip`) VALUES (17,915,180879676);
INSERT INTO `IPv4Allocation` (`id`, `object_id`, `ip`) VALUES (18,915,180879675);
INSERT INTO `IPv4Allocation` (`id`, `object_id`, `ip`) VALUES (19,910,180879675);
INSERT INTO `IPv4Allocation` (`id`, `object_id`, `ip`) VALUES (20,911,180879675);
INSERT INTO `IPv4Allocation` (`id`, `object_id`, `ip`) VALUES (21,912,180879675);
INSERT INTO `IPv4Allocation` (`id`, `object_id`, `ip`) VALUES (22,919,180879677);
INSERT INTO `IPv4Allocation` (`id`, `object_id`, `ip`) VALUES (23,918,180879677);
INSERT INTO `IPv4Allocation` (`id`, `object_id`, `ip`) VALUES (24,909,180880254);
INSERT INTO `IPv4Allocation` (`id`, `object_id`, `ip`) VALUES (25,907,180879363);
INSERT INTO `IPv4Allocation` (`id`, `object_id`, `ip`) VALUES (26,905,180879362);
INSERT INTO `IPv4Allocation` (`id`, `object_id`, `ip`) VALUES (27,914,180879676);
INSERT INTO `IPv4Allocation` (`id`, `object_id`, `ip`) VALUES (28,913,180879676);
INSERT INTO `IPv4Allocation` (`id`, `object_id`, `ip`) VALUES (29,932,180879973);
INSERT INTO `IPv4Allocation` (`id`, `object_id`, `ip`) VALUES (30,934,180879974);
INSERT INTO `IPv4Allocation` (`id`, `object_id`, `ip`) VALUES (31,936,180879975);
INSERT INTO `IPv4Allocation` (`id`, `object_id`, `ip`) VALUES (32,938,180879976);
INSERT INTO `IPv4Allocation` (`id`, `object_id`, `ip`) VALUES (33,940,180879977);
INSERT INTO `IPv4Allocation` (`id`, `object_id`, `ip`) VALUES (34,933,180879978);
INSERT INTO `IPv4Allocation` (`id`, `object_id`, `ip`) VALUES (35,935,180879979);
INSERT INTO `IPv4Allocation` (`id`, `object_id`, `ip`) VALUES (36,937,180879980);
INSERT INTO `IPv4Allocation` (`id`, `object_id`, `ip`) VALUES (37,939,180879981);
INSERT INTO `IPv4Allocation` (`id`, `object_id`, `ip`) VALUES (38,941,180879982);
INSERT INTO `IPv4Allocation` (`id`, `object_id`, `ip`) VALUES (39,928,180879877);
INSERT INTO `IPv4Allocation` (`id`, `object_id`, `ip`) VALUES (40,929,180879878);
INSERT INTO `IPv4Allocation` (`id`, `object_id`, `ip`) VALUES (41,956,180880449);
INSERT INTO `IPv4Allocation` (`id`, `object_id`, `ip`) VALUES (42,957,180880450);
INSERT INTO `IPv4Allocation` (`id`, `object_id`, `ip`) VALUES (43,958,180880451);
INSERT INTO `IPv4Allocation` (`id`, `object_id`, `ip`) VALUES (44,959,180880452);
INSERT INTO `IPv4Allocation` (`id`, `object_id`, `ip`) VALUES (45,960,180880453);
INSERT INTO `IPv4Allocation` (`id`, `object_id`, `ip`) VALUES (46,908,180880510);
INSERT INTO `IPv4Allocation` (`id`, `object_id`, `ip`) VALUES (47,962,180880386);
INSERT INTO `IPv4Allocation` (`id`, `object_id`, `ip`) VALUES (48,909,180879366);
INSERT INTO `IPv4Allocation` (`id`, `object_id`, `ip`) VALUES (49,908,180879367);
INSERT INTO `IPv4Allocation` (`id`, `object_id`, `ip`) VALUES (50,909,180879365);
INSERT INTO `IPv4Allocation` (`id`, `object_id`, `ip`) VALUES (51,907,180879364);
INSERT INTO `IPv4Allocation` (`id`, `object_id`, `ip`) VALUES (52,907,180879998);
INSERT INTO `IPv4Allocation` (`id`, `object_id`, `ip`) VALUES (53,927,180879998);
INSERT INTO `IPv4Allocation` (`id`, `object_id`, `ip`) VALUES (54,908,180880446);
INSERT INTO `IPv4Allocation` (`id`, `object_id`, `ip`) VALUES (55,961,180880385);
72a2692,2746
INSERT INTO `IPv4Allocation__r` (`id`, `rev`, `rev_terminal`, `name`, `type`) VALUES (1,0,0,'fa2/0','router');
INSERT INTO `IPv4Allocation__r` (`id`, `rev`, `rev_terminal`, `name`, `type`) VALUES (2,0,0,'','regular');
INSERT INTO `IPv4Allocation__r` (`id`, `rev`, `rev_terminal`, `name`, `type`) VALUES (3,0,0,'eth0','regular');
INSERT INTO `IPv4Allocation__r` (`id`, `rev`, `rev_terminal`, `name`, `type`) VALUES (4,0,0,'eth0','regular');
INSERT INTO `IPv4Allocation__r` (`id`, `rev`, `rev_terminal`, `name`, `type`) VALUES (5,0,0,'eth0','regular');
INSERT INTO `IPv4Allocation__r` (`id`, `rev`, `rev_terminal`, `name`, `type`) VALUES (6,0,0,'eth0','regular');
INSERT INTO `IPv4Allocation__r` (`id`, `rev`, `rev_terminal`, `name`, `type`) VALUES (7,0,0,'eth0','regular');
INSERT INTO `IPv4Allocation__r` (`id`, `rev`, `rev_terminal`, `name`, `type`) VALUES (8,0,0,'bge0','regular');
INSERT INTO `IPv4Allocation__r` (`id`, `rev`, `rev_terminal`, `name`, `type`) VALUES (9,0,0,'bge0','regular');
INSERT INTO `IPv4Allocation__r` (`id`, `rev`, `rev_terminal`, `name`, `type`) VALUES (10,0,0,'se1/0','regular');
INSERT INTO `IPv4Allocation__r` (`id`, `rev`, `rev_terminal`, `name`, `type`) VALUES (11,0,0,'se1/1','regular');
INSERT INTO `IPv4Allocation__r` (`id`, `rev`, `rev_terminal`, `name`, `type`) VALUES (12,0,0,'eth0','regular');
INSERT INTO `IPv4Allocation__r` (`id`, `rev`, `rev_terminal`, `name`, `type`) VALUES (13,0,0,'eth0','regular');
INSERT INTO `IPv4Allocation__r` (`id`, `rev`, `rev_terminal`, `name`, `type`) VALUES (14,0,0,'eth0','regular');
INSERT INTO `IPv4Allocation__r` (`id`, `rev`, `rev_terminal`, `name`, `type`) VALUES (15,0,0,'telnet access','regular');
INSERT INTO `IPv4Allocation__r` (`id`, `rev`, `rev_terminal`, `name`, `type`) VALUES (16,0,0,'VIP3','regular');
INSERT INTO `IPv4Allocation__r` (`id`, `rev`, `rev_terminal`, `name`, `type`) VALUES (17,0,0,'VIP2','regular');
INSERT INTO `IPv4Allocation__r` (`id`, `rev`, `rev_terminal`, `name`, `type`) VALUES (18,0,0,'VIP1','regular');
INSERT INTO `IPv4Allocation__r` (`id`, `rev`, `rev_terminal`, `name`, `type`) VALUES (19,0,0,'','virtual');
INSERT INTO `IPv4Allocation__r` (`id`, `rev`, `rev_terminal`, `name`, `type`) VALUES (20,0,0,'','virtual');
INSERT INTO `IPv4Allocation__r` (`id`, `rev`, `rev_terminal`, `name`, `type`) VALUES (21,0,0,'','virtual');
INSERT INTO `IPv4Allocation__r` (`id`, `rev`, `rev_terminal`, `name`, `type`) VALUES (22,0,0,'','virtual');
INSERT INTO `IPv4Allocation__r` (`id`, `rev`, `rev_terminal`, `name`, `type`) VALUES (23,0,0,'','virtual');
INSERT INTO `IPv4Allocation__r` (`id`, `rev`, `rev_terminal`, `name`, `type`) VALUES (24,0,0,'fa2/0','router');
INSERT INTO `IPv4Allocation__r` (`id`, `rev`, `rev_terminal`, `name`, `type`) VALUES (25,0,0,'se1/1','regular');
INSERT INTO `IPv4Allocation__r` (`id`, `rev`, `rev_terminal`, `name`, `type`) VALUES (26,0,0,'se1/0','regular');
INSERT INTO `IPv4Allocation__r` (`id`, `rev`, `rev_terminal`, `name`, `type`) VALUES (27,0,0,'','virtual');
INSERT INTO `IPv4Allocation__r` (`id`, `rev`, `rev_terminal`, `name`, `type`) VALUES (28,0,0,'','virtual');
INSERT INTO `IPv4Allocation__r` (`id`, `rev`, `rev_terminal`, `name`, `type`) VALUES (29,0,0,'','regular');
INSERT INTO `IPv4Allocation__r` (`id`, `rev`, `rev_terminal`, `name`, `type`) VALUES (30,0,0,'','regular');
INSERT INTO `IPv4Allocation__r` (`id`, `rev`, `rev_terminal`, `name`, `type`) VALUES (31,0,0,'','regular');
INSERT INTO `IPv4Allocation__r` (`id`, `rev`, `rev_terminal`, `name`, `type`) VALUES (32,0,0,'','regular');
INSERT INTO `IPv4Allocation__r` (`id`, `rev`, `rev_terminal`, `name`, `type`) VALUES (33,0,0,'','regular');
INSERT INTO `IPv4Allocation__r` (`id`, `rev`, `rev_terminal`, `name`, `type`) VALUES (34,0,0,'','regular');
INSERT INTO `IPv4Allocation__r` (`id`, `rev`, `rev_terminal`, `name`, `type`) VALUES (35,0,0,'','regular');
INSERT INTO `IPv4Allocation__r` (`id`, `rev`, `rev_terminal`, `name`, `type`) VALUES (36,0,0,'','regular');
INSERT INTO `IPv4Allocation__r` (`id`, `rev`, `rev_terminal`, `name`, `type`) VALUES (37,0,0,'','regular');
INSERT INTO `IPv4Allocation__r` (`id`, `rev`, `rev_terminal`, `name`, `type`) VALUES (38,0,0,'','regular');
INSERT INTO `IPv4Allocation__r` (`id`, `rev`, `rev_terminal`, `name`, `type`) VALUES (39,0,0,'','regular');
INSERT INTO `IPv4Allocation__r` (`id`, `rev`, `rev_terminal`, `name`, `type`) VALUES (40,0,0,'','regular');
INSERT INTO `IPv4Allocation__r` (`id`, `rev`, `rev_terminal`, `name`, `type`) VALUES (41,0,0,'eth0','regular');
INSERT INTO `IPv4Allocation__r` (`id`, `rev`, `rev_terminal`, `name`, `type`) VALUES (42,0,0,'eth0','regular');
INSERT INTO `IPv4Allocation__r` (`id`, `rev`, `rev_terminal`, `name`, `type`) VALUES (43,0,0,'eth0','regular');
INSERT INTO `IPv4Allocation__r` (`id`, `rev`, `rev_terminal`, `name`, `type`) VALUES (44,0,0,'eth0','regular');
INSERT INTO `IPv4Allocation__r` (`id`, `rev`, `rev_terminal`, `name`, `type`) VALUES (45,0,0,'eth0','regular');
INSERT INTO `IPv4Allocation__r` (`id`, `rev`, `rev_terminal`, `name`, `type`) VALUES (46,0,0,'fa2/0','router');
INSERT INTO `IPv4Allocation__r` (`id`, `rev`, `rev_terminal`, `name`, `type`) VALUES (47,0,0,'','regular');
INSERT INTO `IPv4Allocation__r` (`id`, `rev`, `rev_terminal`, `name`, `type`) VALUES (48,0,0,'se1/0','regular');
INSERT INTO `IPv4Allocation__r` (`id`, `rev`, `rev_terminal`, `name`, `type`) VALUES (49,0,0,'se1/1','regular');
INSERT INTO `IPv4Allocation__r` (`id`, `rev`, `rev_terminal`, `name`, `type`) VALUES (50,0,0,'se1/1','regular');
INSERT INTO `IPv4Allocation__r` (`id`, `rev`, `rev_terminal`, `name`, `type`) VALUES (51,0,0,'se1/0','regular');
INSERT INTO `IPv4Allocation__r` (`id`, `rev`, `rev_terminal`, `name`, `type`) VALUES (52,0,0,'','shared');
INSERT INTO `IPv4Allocation__r` (`id`, `rev`, `rev_terminal`, `name`, `type`) VALUES (53,0,0,'','shared');
INSERT INTO `IPv4Allocation__r` (`id`, `rev`, `rev_terminal`, `name`, `type`) VALUES (54,0,0,'fa1/0','router');
INSERT INTO `IPv4Allocation__r` (`id`, `rev`, `rev_terminal`, `name`, `type`) VALUES (55,0,0,'','regular');
89a2764,2766
INSERT INTO `IPv4LB` (`id`, `object_id`, `rspool_id`, `vs_id`) VALUES (1,928,1,1);
INSERT INTO `IPv4LB` (`id`, `object_id`, `rspool_id`, `vs_id`) VALUES (2,929,1,1);
INSERT INTO `IPv4LB` (`id`, `object_id`, `rspool_id`, `vs_id`) VALUES (3,929,2,2);
10a2788,2790
INSERT INTO `IPv4LB__r` (`id`, `rev`, `rev_terminal`, `vsconfig`, `rsconfig`) VALUES (1,0,0,NULL,NULL);
INSERT INTO `IPv4LB__r` (`id`, `rev`, `rev_terminal`, `vsconfig`, `rsconfig`) VALUES (2,0,0,NULL,NULL);
INSERT INTO `IPv4LB__r` (`id`, `rev`, `rev_terminal`, `vsconfig`, `rsconfig`) VALUES (3,0,0,NULL,NULL);
25a2806,2812
INSERT INTO `IPv4NAT` (`id`, `object_id`) VALUES (1,915);
INSERT INTO `IPv4NAT` (`id`, `object_id`) VALUES (2,915);
INSERT INTO `IPv4NAT` (`id`, `object_id`) VALUES (3,915);
INSERT INTO `IPv4NAT` (`id`, `object_id`) VALUES (4,915);
INSERT INTO `IPv4NAT` (`id`, `object_id`) VALUES (5,915);
INSERT INTO `IPv4NAT` (`id`, `object_id`) VALUES (6,915);
INSERT INTO `IPv4NAT` (`id`, `object_id`) VALUES (7,915);
50a2838,2844
INSERT INTO `IPv4NAT__r` (`id`, `rev`, `rev_terminal`, `proto`, `localip`, `localport`, `remoteip`, `remoteport`, `description`) VALUES (1,0,0,'TCP',180879675,80,180879681,80,'');
INSERT INTO `IPv4NAT__r` (`id`, `rev`, `rev_terminal`, `proto`, `localip`, `localport`, `remoteip`, `remoteport`, `description`) VALUES (2,0,0,'TCP',180879675,80,180879682,80,'');
INSERT INTO `IPv4NAT__r` (`id`, `rev`, `rev_terminal`, `proto`, `localip`, `localport`, `remoteip`, `remoteport`, `description`) VALUES (3,0,0,'TCP',180879675,80,180879683,80,'');
INSERT INTO `IPv4NAT__r` (`id`, `rev`, `rev_terminal`, `proto`, `localip`, `localport`, `remoteip`, `remoteport`, `description`) VALUES (4,0,0,'UDP',180879676,53,180879684,53,'');
INSERT INTO `IPv4NAT__r` (`id`, `rev`, `rev_terminal`, `proto`, `localip`, `localport`, `remoteip`, `remoteport`, `description`) VALUES (5,0,0,'UDP',180879676,53,180879685,53,'');
INSERT INTO `IPv4NAT__r` (`id`, `rev`, `rev_terminal`, `proto`, `localip`, `localport`, `remoteip`, `remoteport`, `description`) VALUES (6,0,0,'TCP',180879677,443,180879686,443,'');
INSERT INTO `IPv4NAT__r` (`id`, `rev`, `rev_terminal`, `proto`, `localip`, `localport`, `remoteip`, `remoteport`, `description`) VALUES (7,0,0,'TCP',180879677,443,180879687,443,'');
66a2861,2871
INSERT INTO `IPv4Network` (`id`, `ip`, `mask`) VALUES (96,180879616,26);
INSERT INTO `IPv4Network` (`id`, `ip`, `mask`) VALUES (97,180879680,26);
INSERT INTO `IPv4Network` (`id`, `ip`, `mask`) VALUES (98,180879872,26);
INSERT INTO `IPv4Network` (`id`, `ip`, `mask`) VALUES (99,180879936,26);
INSERT INTO `IPv4Network` (`id`, `ip`, `mask`) VALUES (108,180880192,26);
INSERT INTO `IPv4Network` (`id`, `ip`, `mask`) VALUES (102,180879360,31);
INSERT INTO `IPv4Network` (`id`, `ip`, `mask`) VALUES (103,180879362,31);
INSERT INTO `IPv4Network` (`id`, `ip`, `mask`) VALUES (104,180879364,31);
INSERT INTO `IPv4Network` (`id`, `ip`, `mask`) VALUES (105,180879366,31);
INSERT INTO `IPv4Network` (`id`, `ip`, `mask`) VALUES (106,180880384,26);
INSERT INTO `IPv4Network` (`id`, `ip`, `mask`) VALUES (107,180880448,26);
86a2892,2902
INSERT INTO `IPv4Network__r` (`id`, `rev`, `rev_terminal`, `name`) VALUES (96,0,0,'London network devices and VIPs');
INSERT INTO `IPv4Network__r` (`id`, `rev`, `rev_terminal`, `name`) VALUES (97,0,0,'London HA server farm');
INSERT INTO `IPv4Network__r` (`id`, `rev`, `rev_terminal`, `name`) VALUES (98,0,0,'New-York network devices');
INSERT INTO `IPv4Network__r` (`id`, `rev`, `rev_terminal`, `name`) VALUES (99,0,0,'New-York servers');
INSERT INTO `IPv4Network__r` (`id`, `rev`, `rev_terminal`, `name`) VALUES (102,0,0,'M-L P2P');
INSERT INTO `IPv4Network__r` (`id`, `rev`, `rev_terminal`, `name`) VALUES (103,0,0,'L-NY P2P');
INSERT INTO `IPv4Network__r` (`id`, `rev`, `rev_terminal`, `name`) VALUES (104,0,0,'NY-T P2P');
INSERT INTO `IPv4Network__r` (`id`, `rev`, `rev_terminal`, `name`) VALUES (105,0,0,'T-M P2P');
INSERT INTO `IPv4Network__r` (`id`, `rev`, `rev_terminal`, `name`) VALUES (106,0,0,'Moscow network devices');
INSERT INTO `IPv4Network__r` (`id`, `rev`, `rev_terminal`, `name`) VALUES (107,0,0,'Moscow servers');
INSERT INTO `IPv4Network__r` (`id`, `rev`, `rev_terminal`, `name`) VALUES (108,0,0,'Tokyo server farm');
01a2918,2927
INSERT INTO `IPv4RS` (`id`, `rspool_id`) VALUES (1,1);
INSERT INTO `IPv4RS` (`id`, `rspool_id`) VALUES (2,1);
INSERT INTO `IPv4RS` (`id`, `rspool_id`) VALUES (3,1);
INSERT INTO `IPv4RS` (`id`, `rspool_id`) VALUES (4,1);
INSERT INTO `IPv4RS` (`id`, `rspool_id`) VALUES (5,1);
INSERT INTO `IPv4RS` (`id`, `rspool_id`) VALUES (6,2);
INSERT INTO `IPv4RS` (`id`, `rspool_id`) VALUES (7,2);
INSERT INTO `IPv4RS` (`id`, `rspool_id`) VALUES (8,2);
INSERT INTO `IPv4RS` (`id`, `rspool_id`) VALUES (9,2);
INSERT INTO `IPv4RS` (`id`, `rspool_id`) VALUES (10,2);
15a2942,2943
INSERT INTO `IPv4RSPool` (`id`) VALUES (1);
INSERT INTO `IPv4RSPool` (`id`) VALUES (2);
37a2966,2967
INSERT INTO `IPv4RSPool__r` (`id`, `rev`, `rev_terminal`, `name`, `vsconfig`, `rsconfig`) VALUES (1,0,0,'Apache servers',NULL,NULL);
INSERT INTO `IPv4RSPool__r` (`id`, `rev`, `rev_terminal`, `name`, `vsconfig`, `rsconfig`) VALUES (2,0,0,'Resin servers',NULL,NULL);
60a2991,3000
INSERT INTO `IPv4RS__r` (`id`, `rev`, `rev_terminal`, `inservice`, `rsip`, `rsport`, `rsconfig`) VALUES (1,0,0,'yes',180879973,80,NULL);
INSERT INTO `IPv4RS__r` (`id`, `rev`, `rev_terminal`, `inservice`, `rsip`, `rsport`, `rsconfig`) VALUES (2,0,0,'yes',180879974,80,NULL);
INSERT INTO `IPv4RS__r` (`id`, `rev`, `rev_terminal`, `inservice`, `rsip`, `rsport`, `rsconfig`) VALUES (3,0,0,'no',180879975,80,NULL);
INSERT INTO `IPv4RS__r` (`id`, `rev`, `rev_terminal`, `inservice`, `rsip`, `rsport`, `rsconfig`) VALUES (4,0,0,'yes',180879976,80,NULL);
INSERT INTO `IPv4RS__r` (`id`, `rev`, `rev_terminal`, `inservice`, `rsip`, `rsport`, `rsconfig`) VALUES (5,0,0,'yes',180879977,80,NULL);
INSERT INTO `IPv4RS__r` (`id`, `rev`, `rev_terminal`, `inservice`, `rsip`, `rsport`, `rsconfig`) VALUES (6,0,0,'no',180879978,8080,NULL);
INSERT INTO `IPv4RS__r` (`id`, `rev`, `rev_terminal`, `inservice`, `rsip`, `rsport`, `rsconfig`) VALUES (7,0,0,'yes',180879979,8080,NULL);
INSERT INTO `IPv4RS__r` (`id`, `rev`, `rev_terminal`, `inservice`, `rsip`, `rsport`, `rsconfig`) VALUES (8,0,0,'yes',180879980,8080,NULL);
INSERT INTO `IPv4RS__r` (`id`, `rev`, `rev_terminal`, `inservice`, `rsip`, `rsport`, `rsconfig`) VALUES (9,0,0,'yes',180879981,8080,NULL);
INSERT INTO `IPv4RS__r` (`id`, `rev`, `rev_terminal`, `inservice`, `rsip`, `rsport`, `rsconfig`) VALUES (10,0,0,'yes',180879982,8080,NULL);
74a3015,3016
INSERT INTO `IPv4VS` (`id`) VALUES (1);
INSERT INTO `IPv4VS` (`id`) VALUES (2);
99a3042,3043
INSERT INTO `IPv4VS__r` (`id`, `rev`, `rev_terminal`, `vip`, `vport`, `proto`, `name`, `vsconfig`, `rsconfig`) VALUES (1,0,0,180879877,80,'TCP','virtual web','lvs_sched wlc\r\nlvs_method NAT\r\ndelay_loop 3\r\nalpha\r\nomega\r\nquorum 3\r\nhysteresis 1\r\n\r\n# this is a comment\r\n# VS name is %VNAME%\r\n#\r\n','HTTP_GET {\r\nurl {\r\npath /\r\nstatus_code 200\r\n}\r\nconnect_timeout 1\r\n}');
INSERT INTO `IPv4VS__r` (`id`, `rev`, `rev_terminal`, `vip`, `vport`, `proto`, `name`, `vsconfig`, `rsconfig`) VALUES (2,0,0,180879878,80,'TCP','virtual app','lvs_sched wlc\r\nlvs_method NAT\r\ndelay_loop 3\r\nalpha\r\nomega\r\nquorum 3\r\nhysteresis 1\r\n\r\n','HTTP_GET {\r\nurl {\r\npath /\r\nstatus_code 200\r\n}\r\nconnect_timeout 1\r\n}');
15a3060,3095
INSERT INTO `Link` (`id`, `porta`, `portb`) VALUES (1,3057,3071);
INSERT INTO `Link` (`id`, `porta`, `portb`) VALUES (2,3058,3084);
INSERT INTO `Link` (`id`, `porta`, `portb`) VALUES (3,3059,3069);
INSERT INTO `Link` (`id`, `porta`, `portb`) VALUES (4,3062,3094);
INSERT INTO `Link` (`id`, `porta`, `portb`) VALUES (5,3063,3079);
INSERT INTO `Link` (`id`, `porta`, `portb`) VALUES (6,3070,3083);
INSERT INTO `Link` (`id`, `porta`, `portb`) VALUES (7,3072,3080);
INSERT INTO `Link` (`id`, `porta`, `portb`) VALUES (8,3073,3086);
INSERT INTO `Link` (`id`, `porta`, `portb`) VALUES (9,3074,3088);
INSERT INTO `Link` (`id`, `porta`, `portb`) VALUES (10,3075,3090);
INSERT INTO `Link` (`id`, `porta`, `portb`) VALUES (11,3076,3092);
INSERT INTO `Link` (`id`, `porta`, `portb`) VALUES (12,3077,3097);
INSERT INTO `Link` (`id`, `porta`, `portb`) VALUES (13,3078,3095);
INSERT INTO `Link` (`id`, `porta`, `portb`) VALUES (14,3082,3085);
INSERT INTO `Link` (`id`, `porta`, `portb`) VALUES (15,3099,3112);
INSERT INTO `Link` (`id`, `porta`, `portb`) VALUES (16,3101,3113);
INSERT INTO `Link` (`id`, `porta`, `portb`) VALUES (17,3102,3114);
INSERT INTO `Link` (`id`, `porta`, `portb`) VALUES (18,3103,3115);
INSERT INTO `Link` (`id`, `porta`, `portb`) VALUES (19,3104,3116);
INSERT INTO `Link` (`id`, `porta`, `portb`) VALUES (20,3105,3117);
INSERT INTO `Link` (`id`, `porta`, `portb`) VALUES (21,3106,3118);
INSERT INTO `Link` (`id`, `porta`, `portb`) VALUES (22,3119,3147);
INSERT INTO `Link` (`id`, `porta`, `portb`) VALUES (23,3124,3126);
INSERT INTO `Link` (`id`, `porta`, `portb`) VALUES (24,3127,3162);
INSERT INTO `Link` (`id`, `porta`, `portb`) VALUES (25,3128,3158);
INSERT INTO `Link` (`id`, `porta`, `portb`) VALUES (26,3130,3163);
INSERT INTO `Link` (`id`, `porta`, `portb`) VALUES (27,3131,3148);
INSERT INTO `Link` (`id`, `porta`, `portb`) VALUES (28,3133,3164);
INSERT INTO `Link` (`id`, `porta`, `portb`) VALUES (29,3134,3143);
INSERT INTO `Link` (`id`, `porta`, `portb`) VALUES (30,3136,3165);
INSERT INTO `Link` (`id`, `porta`, `portb`) VALUES (31,3137,3151);
INSERT INTO `Link` (`id`, `porta`, `portb`) VALUES (32,3139,3168);
INSERT INTO `Link` (`id`, `porta`, `portb`) VALUES (33,3140,3154);
INSERT INTO `Link` (`id`, `porta`, `portb`) VALUES (34,3142,3160);
INSERT INTO `Link` (`id`, `porta`, `portb`) VALUES (35,3145,3171);
INSERT INTO `Link` (`id`, `porta`, `portb`) VALUES (36,3159,3161);
INSERT INTO `Link__r` (`id`, `rev`, `rev_terminal`, `label`, `labela`, `labelb`) VALUES (1,0,0,NULL,NULL,NULL);
INSERT INTO `Link__r` (`id`, `rev`, `rev_terminal`, `label`, `labela`, `labelb`) VALUES (2,0,0,NULL,NULL,NULL);
INSERT INTO `Link__r` (`id`, `rev`, `rev_terminal`, `label`, `labela`, `labelb`) VALUES (3,0,0,NULL,NULL,NULL);
INSERT INTO `Link__r` (`id`, `rev`, `rev_terminal`, `label`, `labela`, `labelb`) VALUES (4,0,0,NULL,NULL,NULL);
INSERT INTO `Link__r` (`id`, `rev`, `rev_terminal`, `label`, `labela`, `labelb`) VALUES (5,0,0,NULL,NULL,NULL);
INSERT INTO `Link__r` (`id`, `rev`, `rev_terminal`, `label`, `labela`, `labelb`) VALUES (6,0,0,NULL,NULL,NULL);
INSERT INTO `Link__r` (`id`, `rev`, `rev_terminal`, `label`, `labela`, `labelb`) VALUES (7,0,0,NULL,NULL,NULL);
INSERT INTO `Link__r` (`id`, `rev`, `rev_terminal`, `label`, `labela`, `labelb`) VALUES (8,0,0,NULL,NULL,NULL);
INSERT INTO `Link__r` (`id`, `rev`, `rev_terminal`, `label`, `labela`, `labelb`) VALUES (9,0,0,NULL,NULL,NULL);
INSERT INTO `Link__r` (`id`, `rev`, `rev_terminal`, `label`, `labela`, `labelb`) VALUES (10,0,0,NULL,NULL,NULL);
INSERT INTO `Link__r` (`id`, `rev`, `rev_terminal`, `label`, `labela`, `labelb`) VALUES (11,0,0,NULL,NULL,NULL);
INSERT INTO `Link__r` (`id`, `rev`, `rev_terminal`, `label`, `labela`, `labelb`) VALUES (12,0,0,NULL,NULL,NULL);
INSERT INTO `Link__r` (`id`, `rev`, `rev_terminal`, `label`, `labela`, `labelb`) VALUES (13,0,0,NULL,NULL,NULL);
INSERT INTO `Link__r` (`id`, `rev`, `rev_terminal`, `label`, `labela`, `labelb`) VALUES (14,0,0,NULL,NULL,NULL);
INSERT INTO `Link__r` (`id`, `rev`, `rev_terminal`, `label`, `labela`, `labelb`) VALUES (15,0,0,NULL,NULL,NULL);
INSERT INTO `Link__r` (`id`, `rev`, `rev_terminal`, `label`, `labela`, `labelb`) VALUES (16,0,0,NULL,NULL,NULL);
INSERT INTO `Link__r` (`id`, `rev`, `rev_terminal`, `label`, `labela`, `labelb`) VALUES (17,0,0,NULL,NULL,NULL);
INSERT INTO `Link__r` (`id`, `rev`, `rev_terminal`, `label`, `labela`, `labelb`) VALUES (18,0,0,NULL,NULL,NULL);
INSERT INTO `Link__r` (`id`, `rev`, `rev_terminal`, `label`, `labela`, `labelb`) VALUES (19,0,0,NULL,NULL,NULL);
INSERT INTO `Link__r` (`id`, `rev`, `rev_terminal`, `label`, `labela`, `labelb`) VALUES (20,0,0,NULL,NULL,NULL);
INSERT INTO `Link__r` (`id`, `rev`, `rev_terminal`, `label`, `labela`, `labelb`) VALUES (21,0,0,NULL,NULL,NULL);
INSERT INTO `Link__r` (`id`, `rev`, `rev_terminal`, `label`, `labela`, `labelb`) VALUES (22,0,0,NULL,NULL,NULL);
INSERT INTO `Link__r` (`id`, `rev`, `rev_terminal`, `label`, `labela`, `labelb`) VALUES (23,0,0,NULL,NULL,NULL);
INSERT INTO `Link__r` (`id`, `rev`, `rev_terminal`, `label`, `labela`, `labelb`) VALUES (24,0,0,NULL,NULL,NULL);
INSERT INTO `Link__r` (`id`, `rev`, `rev_terminal`, `label`, `labela`, `labelb`) VALUES (25,0,0,NULL,NULL,NULL);
INSERT INTO `Link__r` (`id`, `rev`, `rev_terminal`, `label`, `labela`, `labelb`) VALUES (26,0,0,NULL,NULL,NULL);
INSERT INTO `Link__r` (`id`, `rev`, `rev_terminal`, `label`, `labela`, `labelb`) VALUES (27,0,0,NULL,NULL,NULL);
INSERT INTO `Link__r` (`id`, `rev`, `rev_terminal`, `label`, `labela`, `labelb`) VALUES (28,0,0,NULL,NULL,NULL);
INSERT INTO `Link__r` (`id`, `rev`, `rev_terminal`, `label`, `labela`, `labelb`) VALUES (29,0,0,NULL,NULL,NULL);
INSERT INTO `Link__r` (`id`, `rev`, `rev_terminal`, `label`, `labela`, `labelb`) VALUES (30,0,0,NULL,NULL,NULL);
INSERT INTO `Link__r` (`id`, `rev`, `rev_terminal`, `label`, `labela`, `labelb`) VALUES (31,0,0,NULL,NULL,NULL);
INSERT INTO `Link__r` (`id`, `rev`, `rev_terminal`, `label`, `labela`, `labelb`) VALUES (32,0,0,NULL,NULL,NULL);
INSERT INTO `Link__r` (`id`, `rev`, `rev_terminal`, `label`, `labela`, `labelb`) VALUES (33,0,0,NULL,NULL,NULL);
INSERT INTO `Link__r` (`id`, `rev`, `rev_terminal`, `label`, `labela`, `labelb`) VALUES (34,0,0,NULL,NULL,NULL);
INSERT INTO `Link__r` (`id`, `rev`, `rev_terminal`, `label`, `labela`, `labelb`) VALUES (35,0,0,NULL,NULL,NULL);
INSERT INTO `Link__r` (`id`, `rev`, `rev_terminal`, `label`, `labela`, `labelb`) VALUES (36,0,0,NULL,NULL,NULL);
52a3169,3284
INSERT INTO `Port` (`id`, `object_id`) VALUES (3057,905);
INSERT INTO `Port` (`id`, `object_id`) VALUES (3058,905);
INSERT INTO `Port` (`id`, `object_id`) VALUES (3059,905);
INSERT INTO `Port` (`id`, `object_id`) VALUES (3060,905);
INSERT INTO `Port` (`id`, `object_id`) VALUES (3063,906);
INSERT INTO `Port` (`id`, `object_id`) VALUES (3062,906);
INSERT INTO `Port` (`id`, `object_id`) VALUES (3064,906);
INSERT INTO `Port` (`id`, `object_id`) VALUES (3065,906);
INSERT INTO `Port` (`id`, `object_id`) VALUES (3066,906);
INSERT INTO `Port` (`id`, `object_id`) VALUES (3067,906);
INSERT INTO `Port` (`id`, `object_id`) VALUES (3068,906);
INSERT INTO `Port` (`id`, `object_id`) VALUES (3069,906);
INSERT INTO `Port` (`id`, `object_id`) VALUES (3070,907);
INSERT INTO `Port` (`id`, `object_id`) VALUES (3071,907);
INSERT INTO `Port` (`id`, `object_id`) VALUES (3072,915);
INSERT INTO `Port` (`id`, `object_id`) VALUES (3073,915);
INSERT INTO `Port` (`id`, `object_id`) VALUES (3074,915);
INSERT INTO `Port` (`id`, `object_id`) VALUES (3075,915);
INSERT INTO `Port` (`id`, `object_id`) VALUES (3076,915);
INSERT INTO `Port` (`id`, `object_id`) VALUES (3077,915);
INSERT INTO `Port` (`id`, `object_id`) VALUES (3078,915);
INSERT INTO `Port` (`id`, `object_id`) VALUES (3079,915);
INSERT INTO `Port` (`id`, `object_id`) VALUES (3080,910);
INSERT INTO `Port` (`id`, `object_id`) VALUES (3081,910);
INSERT INTO `Port` (`id`, `object_id`) VALUES (3082,909);
INSERT INTO `Port` (`id`, `object_id`) VALUES (3083,909);
INSERT INTO `Port` (`id`, `object_id`) VALUES (3084,908);
INSERT INTO `Port` (`id`, `object_id`) VALUES (3085,908);
INSERT INTO `Port` (`id`, `object_id`) VALUES (3086,911);
INSERT INTO `Port` (`id`, `object_id`) VALUES (3087,911);
INSERT INTO `Port` (`id`, `object_id`) VALUES (3088,912);
INSERT INTO `Port` (`id`, `object_id`) VALUES (3089,912);
INSERT INTO `Port` (`id`, `object_id`) VALUES (3090,913);
INSERT INTO `Port` (`id`, `object_id`) VALUES (3091,913);
INSERT INTO `Port` (`id`, `object_id`) VALUES (3092,914);
INSERT INTO `Port` (`id`, `object_id`) VALUES (3093,914);
INSERT INTO `Port` (`id`, `object_id`) VALUES (3094,917);
INSERT INTO `Port` (`id`, `object_id`) VALUES (3095,919);
INSERT INTO `Port` (`id`, `object_id`) VALUES (3096,919);
INSERT INTO `Port` (`id`, `object_id`) VALUES (3097,918);
INSERT INTO `Port` (`id`, `object_id`) VALUES (3098,918);
INSERT INTO `Port` (`id`, `object_id`) VALUES (3099,909);
INSERT INTO `Port` (`id`, `object_id`) VALUES (3100,909);
INSERT INTO `Port` (`id`, `object_id`) VALUES (3101,926);
INSERT INTO `Port` (`id`, `object_id`) VALUES (3102,926);
INSERT INTO `Port` (`id`, `object_id`) VALUES (3103,926);
INSERT INTO `Port` (`id`, `object_id`) VALUES (3104,926);
INSERT INTO `Port` (`id`, `object_id`) VALUES (3105,926);
INSERT INTO `Port` (`id`, `object_id`) VALUES (3106,926);
INSERT INTO `Port` (`id`, `object_id`) VALUES (3107,926);
INSERT INTO `Port` (`id`, `object_id`) VALUES (3108,926);
INSERT INTO `Port` (`id`, `object_id`) VALUES (3109,926);
INSERT INTO `Port` (`id`, `object_id`) VALUES (3110,926);
INSERT INTO `Port` (`id`, `object_id`) VALUES (3111,926);
INSERT INTO `Port` (`id`, `object_id`) VALUES (3112,926);
INSERT INTO `Port` (`id`, `object_id`) VALUES (3113,923);
INSERT INTO `Port` (`id`, `object_id`) VALUES (3114,923);
INSERT INTO `Port` (`id`, `object_id`) VALUES (3115,924);
INSERT INTO `Port` (`id`, `object_id`) VALUES (3116,924);
INSERT INTO `Port` (`id`, `object_id`) VALUES (3117,925);
INSERT INTO `Port` (`id`, `object_id`) VALUES (3118,925);
INSERT INTO `Port` (`id`, `object_id`) VALUES (3119,908);
INSERT INTO `Port` (`id`, `object_id`) VALUES (3120,908);
INSERT INTO `Port` (`id`, `object_id`) VALUES (3121,907);
INSERT INTO `Port` (`id`, `object_id`) VALUES (3122,907);
INSERT INTO `Port` (`id`, `object_id`) VALUES (3123,927);
INSERT INTO `Port` (`id`, `object_id`) VALUES (3124,927);
INSERT INTO `Port` (`id`, `object_id`) VALUES (3125,907);
INSERT INTO `Port` (`id`, `object_id`) VALUES (3126,907);
INSERT INTO `Port` (`id`, `object_id`) VALUES (3127,956);
INSERT INTO `Port` (`id`, `object_id`) VALUES (3128,956);
INSERT INTO `Port` (`id`, `object_id`) VALUES (3129,956);
INSERT INTO `Port` (`id`, `object_id`) VALUES (3130,957);
INSERT INTO `Port` (`id`, `object_id`) VALUES (3131,957);
INSERT INTO `Port` (`id`, `object_id`) VALUES (3132,957);
INSERT INTO `Port` (`id`, `object_id`) VALUES (3133,958);
INSERT INTO `Port` (`id`, `object_id`) VALUES (3134,958);
INSERT INTO `Port` (`id`, `object_id`) VALUES (3135,958);
INSERT INTO `Port` (`id`, `object_id`) VALUES (3136,959);
INSERT INTO `Port` (`id`, `object_id`) VALUES (3137,959);
INSERT INTO `Port` (`id`, `object_id`) VALUES (3138,959);
INSERT INTO `Port` (`id`, `object_id`) VALUES (3139,960);
INSERT INTO `Port` (`id`, `object_id`) VALUES (3140,960);
INSERT INTO `Port` (`id`, `object_id`) VALUES (3141,960);
INSERT INTO `Port` (`id`, `object_id`) VALUES (3142,908);
INSERT INTO `Port` (`id`, `object_id`) VALUES (3143,961);
INSERT INTO `Port` (`id`, `object_id`) VALUES (3144,961);
INSERT INTO `Port` (`id`, `object_id`) VALUES (3145,961);
INSERT INTO `Port` (`id`, `object_id`) VALUES (3146,961);
INSERT INTO `Port` (`id`, `object_id`) VALUES (3147,961);
INSERT INTO `Port` (`id`, `object_id`) VALUES (3148,961);
INSERT INTO `Port` (`id`, `object_id`) VALUES (3149,961);
INSERT INTO `Port` (`id`, `object_id`) VALUES (3150,961);
INSERT INTO `Port` (`id`, `object_id`) VALUES (3151,961);
INSERT INTO `Port` (`id`, `object_id`) VALUES (3152,961);
INSERT INTO `Port` (`id`, `object_id`) VALUES (3153,961);
INSERT INTO `Port` (`id`, `object_id`) VALUES (3154,961);
INSERT INTO `Port` (`id`, `object_id`) VALUES (3155,961);
INSERT INTO `Port` (`id`, `object_id`) VALUES (3156,961);
INSERT INTO `Port` (`id`, `object_id`) VALUES (3157,961);
INSERT INTO `Port` (`id`, `object_id`) VALUES (3158,961);
INSERT INTO `Port` (`id`, `object_id`) VALUES (3159,961);
INSERT INTO `Port` (`id`, `object_id`) VALUES (3160,956);
INSERT INTO `Port` (`id`, `object_id`) VALUES (3161,956);
INSERT INTO `Port` (`id`, `object_id`) VALUES (3162,962);
INSERT INTO `Port` (`id`, `object_id`) VALUES (3163,962);
INSERT INTO `Port` (`id`, `object_id`) VALUES (3164,962);
INSERT INTO `Port` (`id`, `object_id`) VALUES (3165,962);
INSERT INTO `Port` (`id`, `object_id`) VALUES (3166,962);
INSERT INTO `Port` (`id`, `object_id`) VALUES (3167,962);
INSERT INTO `Port` (`id`, `object_id`) VALUES (3168,962);
INSERT INTO `Port` (`id`, `object_id`) VALUES (3169,962);
INSERT INTO `Port` (`id`, `object_id`) VALUES (3170,962);
INSERT INTO `Port` (`id`, `object_id`) VALUES (3171,962);
INSERT INTO `Port` (`id`, `object_id`) VALUES (3178,927);
INSERT INTO `Port` (`id`, `object_id`) VALUES (3179,908);
70a3403,3518
INSERT INTO `Port__r` (`id`, `rev`, `rev_terminal`, `name`, `type`, `l2address`, `reservation_comment`, `label`) VALUES (3057,0,0,'se1/0',32,NULL,NULL,'');
INSERT INTO `Port__r` (`id`, `rev`, `rev_terminal`, `name`, `type`, `l2address`, `reservation_comment`, `label`) VALUES (3058,0,0,'se1/1',32,NULL,NULL,'');
INSERT INTO `Port__r` (`id`, `rev`, `rev_terminal`, `name`, `type`, `l2address`, `reservation_comment`, `label`) VALUES (3059,0,0,'fa2/0',19,'00000000A001',NULL,'');
INSERT INTO `Port__r` (`id`, `rev`, `rev_terminal`, `name`, `type`, `l2address`, `reservation_comment`, `label`) VALUES (3060,0,0,'fa2/1',19,'00000000A002','ISP uplink','');
INSERT INTO `Port__r` (`id`, `rev`, `rev_terminal`, `name`, `type`, `l2address`, `reservation_comment`, `label`) VALUES (3062,0,0,'gi2',24,'00000000B002',NULL,'2');
INSERT INTO `Port__r` (`id`, `rev`, `rev_terminal`, `name`, `type`, `l2address`, `reservation_comment`, `label`) VALUES (3063,0,0,'gi1',24,'00000000B001',NULL,'1');
INSERT INTO `Port__r` (`id`, `rev`, `rev_terminal`, `name`, `type`, `l2address`, `reservation_comment`, `label`) VALUES (3064,0,0,'gi3',24,'00000000B003',NULL,'3');
INSERT INTO `Port__r` (`id`, `rev`, `rev_terminal`, `name`, `type`, `l2address`, `reservation_comment`, `label`) VALUES (3065,0,0,'gi4',24,'00000000B004',NULL,'4');
INSERT INTO `Port__r` (`id`, `rev`, `rev_terminal`, `name`, `type`, `l2address`, `reservation_comment`, `label`) VALUES (3066,0,0,'gi5',24,'00000000B005',NULL,'5');
INSERT INTO `Port__r` (`id`, `rev`, `rev_terminal`, `name`, `type`, `l2address`, `reservation_comment`, `label`) VALUES (3067,0,0,'gi6',24,'00000000B006',NULL,'6');
INSERT INTO `Port__r` (`id`, `rev`, `rev_terminal`, `name`, `type`, `l2address`, `reservation_comment`, `label`) VALUES (3068,0,0,'gi7',24,'00000000B007',NULL,'7');
INSERT INTO `Port__r` (`id`, `rev`, `rev_terminal`, `name`, `type`, `l2address`, `reservation_comment`, `label`) VALUES (3069,0,0,'gi8',24,'00000000B008',NULL,'8');
INSERT INTO `Port__r` (`id`, `rev`, `rev_terminal`, `name`, `type`, `l2address`, `reservation_comment`, `label`) VALUES (3070,0,0,'se1/0',32,NULL,NULL,'');
INSERT INTO `Port__r` (`id`, `rev`, `rev_terminal`, `name`, `type`, `l2address`, `reservation_comment`, `label`) VALUES (3071,0,0,'se1/1',32,NULL,NULL,'');
INSERT INTO `Port__r` (`id`, `rev`, `rev_terminal`, `name`, `type`, `l2address`, `reservation_comment`, `label`) VALUES (3072,0,0,'e1',19,NULL,NULL,'1');
INSERT INTO `Port__r` (`id`, `rev`, `rev_terminal`, `name`, `type`, `l2address`, `reservation_comment`, `label`) VALUES (3073,0,0,'e2',19,NULL,NULL,'2');
INSERT INTO `Port__r` (`id`, `rev`, `rev_terminal`, `name`, `type`, `l2address`, `reservation_comment`, `label`) VALUES (3074,0,0,'e3',19,NULL,NULL,'3');
INSERT INTO `Port__r` (`id`, `rev`, `rev_terminal`, `name`, `type`, `l2address`, `reservation_comment`, `label`) VALUES (3075,0,0,'e4',19,NULL,NULL,'4');
INSERT INTO `Port__r` (`id`, `rev`, `rev_terminal`, `name`, `type`, `l2address`, `reservation_comment`, `label`) VALUES (3076,0,0,'e5',19,NULL,NULL,'5');
INSERT INTO `Port__r` (`id`, `rev`, `rev_terminal`, `name`, `type`, `l2address`, `reservation_comment`, `label`) VALUES (3077,0,0,'e6',19,NULL,NULL,'6');
INSERT INTO `Port__r` (`id`, `rev`, `rev_terminal`, `name`, `type`, `l2address`, `reservation_comment`, `label`) VALUES (3078,0,0,'e7',19,NULL,NULL,'7');
INSERT INTO `Port__r` (`id`, `rev`, `rev_terminal`, `name`, `type`, `l2address`, `reservation_comment`, `label`) VALUES (3079,0,0,'e8',19,NULL,NULL,'8');
INSERT INTO `Port__r` (`id`, `rev`, `rev_terminal`, `name`, `type`, `l2address`, `reservation_comment`, `label`) VALUES (3080,0,0,'eth0',24,NULL,NULL,'1');
INSERT INTO `Port__r` (`id`, `rev`, `rev_terminal`, `name`, `type`, `l2address`, `reservation_comment`, `label`) VALUES (3081,0,0,'eth1',24,NULL,NULL,'2');
INSERT INTO `Port__r` (`id`, `rev`, `rev_terminal`, `name`, `type`, `l2address`, `reservation_comment`, `label`) VALUES (3082,0,0,'se1/0',32,NULL,NULL,'');
INSERT INTO `Port__r` (`id`, `rev`, `rev_terminal`, `name`, `type`, `l2address`, `reservation_comment`, `label`) VALUES (3083,0,0,'se1/1',32,NULL,NULL,'');
INSERT INTO `Port__r` (`id`, `rev`, `rev_terminal`, `name`, `type`, `l2address`, `reservation_comment`, `label`) VALUES (3084,0,0,'se1/0',32,NULL,NULL,'');
INSERT INTO `Port__r` (`id`, `rev`, `rev_terminal`, `name`, `type`, `l2address`, `reservation_comment`, `label`) VALUES (3085,0,0,'se1/1',32,NULL,NULL,'');
INSERT INTO `Port__r` (`id`, `rev`, `rev_terminal`, `name`, `type`, `l2address`, `reservation_comment`, `label`) VALUES (3086,0,0,'eth0',24,NULL,NULL,'1');
INSERT INTO `Port__r` (`id`, `rev`, `rev_terminal`, `name`, `type`, `l2address`, `reservation_comment`, `label`) VALUES (3087,0,0,'eth1',24,NULL,NULL,'2');
INSERT INTO `Port__r` (`id`, `rev`, `rev_terminal`, `name`, `type`, `l2address`, `reservation_comment`, `label`) VALUES (3088,0,0,'eth0',24,NULL,NULL,'1');
INSERT INTO `Port__r` (`id`, `rev`, `rev_terminal`, `name`, `type`, `l2address`, `reservation_comment`, `label`) VALUES (3089,0,0,'eth1',24,NULL,NULL,'2');
INSERT INTO `Port__r` (`id`, `rev`, `rev_terminal`, `name`, `type`, `l2address`, `reservation_comment`, `label`) VALUES (3090,0,0,'eth0',24,NULL,NULL,'1');
INSERT INTO `Port__r` (`id`, `rev`, `rev_terminal`, `name`, `type`, `l2address`, `reservation_comment`, `label`) VALUES (3091,0,0,'eth1',24,NULL,NULL,'2');
INSERT INTO `Port__r` (`id`, `rev`, `rev_terminal`, `name`, `type`, `l2address`, `reservation_comment`, `label`) VALUES (3092,0,0,'eth0',24,NULL,NULL,'1');
INSERT INTO `Port__r` (`id`, `rev`, `rev_terminal`, `name`, `type`, `l2address`, `reservation_comment`, `label`) VALUES (3093,0,0,'eth1',24,NULL,NULL,'2');
INSERT INTO `Port__r` (`id`, `rev`, `rev_terminal`, `name`, `type`, `l2address`, `reservation_comment`, `label`) VALUES (3094,0,0,'fa0/0',19,NULL,NULL,'');
INSERT INTO `Port__r` (`id`, `rev`, `rev_terminal`, `name`, `type`, `l2address`, `reservation_comment`, `label`) VALUES (3095,0,0,'bge0',24,NULL,NULL,'');
INSERT INTO `Port__r` (`id`, `rev`, `rev_terminal`, `name`, `type`, `l2address`, `reservation_comment`, `label`) VALUES (3096,0,0,'bge1',24,NULL,NULL,'');
INSERT INTO `Port__r` (`id`, `rev`, `rev_terminal`, `name`, `type`, `l2address`, `reservation_comment`, `label`) VALUES (3097,0,0,'bge0',24,NULL,NULL,'');
INSERT INTO `Port__r` (`id`, `rev`, `rev_terminal`, `name`, `type`, `l2address`, `reservation_comment`, `label`) VALUES (3098,0,0,'bge1',24,NULL,NULL,'');
INSERT INTO `Port__r` (`id`, `rev`, `rev_terminal`, `name`, `type`, `l2address`, `reservation_comment`, `label`) VALUES (3099,0,0,'fa2/0',19,NULL,NULL,'');
INSERT INTO `Port__r` (`id`, `rev`, `rev_terminal`, `name`, `type`, `l2address`, `reservation_comment`, `label`) VALUES (3100,0,0,'fa2/1',19,NULL,'ISP uplink','');
INSERT INTO `Port__r` (`id`, `rev`, `rev_terminal`, `name`, `type`, `l2address`, `reservation_comment`, `label`) VALUES (3101,0,0,'fa1',19,NULL,NULL,'1');
INSERT INTO `Port__r` (`id`, `rev`, `rev_terminal`, `name`, `type`, `l2address`, `reservation_comment`, `label`) VALUES (3102,0,0,'fa2',19,NULL,NULL,'2');
INSERT INTO `Port__r` (`id`, `rev`, `rev_terminal`, `name`, `type`, `l2address`, `reservation_comment`, `label`) VALUES (3103,0,0,'fa3',19,NULL,NULL,'3');
INSERT INTO `Port__r` (`id`, `rev`, `rev_terminal`, `name`, `type`, `l2address`, `reservation_comment`, `label`) VALUES (3104,0,0,'fa4',19,NULL,NULL,'4');
INSERT INTO `Port__r` (`id`, `rev`, `rev_terminal`, `name`, `type`, `l2address`, `reservation_comment`, `label`) VALUES (3105,0,0,'fa5',19,NULL,NULL,'5');
INSERT INTO `Port__r` (`id`, `rev`, `rev_terminal`, `name`, `type`, `l2address`, `reservation_comment`, `label`) VALUES (3106,0,0,'fa6',19,NULL,NULL,'6');
INSERT INTO `Port__r` (`id`, `rev`, `rev_terminal`, `name`, `type`, `l2address`, `reservation_comment`, `label`) VALUES (3107,0,0,'fa7',19,NULL,NULL,'7');
INSERT INTO `Port__r` (`id`, `rev`, `rev_terminal`, `name`, `type`, `l2address`, `reservation_comment`, `label`) VALUES (3108,0,0,'fa8',19,NULL,NULL,'8');
INSERT INTO `Port__r` (`id`, `rev`, `rev_terminal`, `name`, `type`, `l2address`, `reservation_comment`, `label`) VALUES (3109,0,0,'fa9',19,NULL,NULL,'9');
INSERT INTO `Port__r` (`id`, `rev`, `rev_terminal`, `name`, `type`, `l2address`, `reservation_comment`, `label`) VALUES (3110,0,0,'fa10',19,NULL,NULL,'10');
INSERT INTO `Port__r` (`id`, `rev`, `rev_terminal`, `name`, `type`, `l2address`, `reservation_comment`, `label`) VALUES (3111,0,0,'fa11',19,NULL,NULL,'11');
INSERT INTO `Port__r` (`id`, `rev`, `rev_terminal`, `name`, `type`, `l2address`, `reservation_comment`, `label`) VALUES (3112,0,0,'fa12',19,NULL,NULL,'12');
INSERT INTO `Port__r` (`id`, `rev`, `rev_terminal`, `name`, `type`, `l2address`, `reservation_comment`, `label`) VALUES (3113,0,0,'eth0',24,NULL,NULL,'1');
INSERT INTO `Port__r` (`id`, `rev`, `rev_terminal`, `name`, `type`, `l2address`, `reservation_comment`, `label`) VALUES (3114,0,0,'eth1',24,NULL,NULL,'2');
INSERT INTO `Port__r` (`id`, `rev`, `rev_terminal`, `name`, `type`, `l2address`, `reservation_comment`, `label`) VALUES (3115,0,0,'eth0',24,NULL,NULL,'1');
INSERT INTO `Port__r` (`id`, `rev`, `rev_terminal`, `name`, `type`, `l2address`, `reservation_comment`, `label`) VALUES (3116,0,0,'eth1',24,NULL,NULL,'2');
INSERT INTO `Port__r` (`id`, `rev`, `rev_terminal`, `name`, `type`, `l2address`, `reservation_comment`, `label`) VALUES (3117,0,0,'eth0',24,NULL,NULL,'1');
INSERT INTO `Port__r` (`id`, `rev`, `rev_terminal`, `name`, `type`, `l2address`, `reservation_comment`, `label`) VALUES (3118,0,0,'eth1',24,NULL,NULL,'2');
INSERT INTO `Port__r` (`id`, `rev`, `rev_terminal`, `name`, `type`, `l2address`, `reservation_comment`, `label`) VALUES (3119,0,0,'fa2/0',19,NULL,NULL,'');
INSERT INTO `Port__r` (`id`, `rev`, `rev_terminal`, `name`, `type`, `l2address`, `reservation_comment`, `label`) VALUES (3120,0,0,'fa2/1',19,NULL,'ISP uplink','');
INSERT INTO `Port__r` (`id`, `rev`, `rev_terminal`, `name`, `type`, `l2address`, `reservation_comment`, `label`) VALUES (3121,0,0,'fa2/0',19,NULL,NULL,'');
INSERT INTO `Port__r` (`id`, `rev`, `rev_terminal`, `name`, `type`, `l2address`, `reservation_comment`, `label`) VALUES (3122,0,0,'fa2/1',19,NULL,NULL,'');
INSERT INTO `Port__r` (`id`, `rev`, `rev_terminal`, `name`, `type`, `l2address`, `reservation_comment`, `label`) VALUES (3123,0,0,'gi3/0',25,NULL,'ISP uplink','');
INSERT INTO `Port__r` (`id`, `rev`, `rev_terminal`, `name`, `type`, `l2address`, `reservation_comment`, `label`) VALUES (3124,0,0,'gi4/0',25,NULL,NULL,'');
INSERT INTO `Port__r` (`id`, `rev`, `rev_terminal`, `name`, `type`, `l2address`, `reservation_comment`, `label`) VALUES (3125,0,0,'gi3/0',25,NULL,'ISP uplink','');
INSERT INTO `Port__r` (`id`, `rev`, `rev_terminal`, `name`, `type`, `l2address`, `reservation_comment`, `label`) VALUES (3126,0,0,'gi4/0',25,NULL,NULL,'');
INSERT INTO `Port__r` (`id`, `rev`, `rev_terminal`, `name`, `type`, `l2address`, `reservation_comment`, `label`) VALUES (3127,0,0,'kvm',33,NULL,NULL,'');
INSERT INTO `Port__r` (`id`, `rev`, `rev_terminal`, `name`, `type`, `l2address`, `reservation_comment`, `label`) VALUES (3128,0,0,'eth0',24,NULL,NULL,'');
INSERT INTO `Port__r` (`id`, `rev`, `rev_terminal`, `name`, `type`, `l2address`, `reservation_comment`, `label`) VALUES (3129,0,0,'eth1',24,NULL,NULL,'');
INSERT INTO `Port__r` (`id`, `rev`, `rev_terminal`, `name`, `type`, `l2address`, `reservation_comment`, `label`) VALUES (3130,0,0,'kvm',33,NULL,NULL,'');
INSERT INTO `Port__r` (`id`, `rev`, `rev_terminal`, `name`, `type`, `l2address`, `reservation_comment`, `label`) VALUES (3131,0,0,'eth0',24,NULL,NULL,'');
INSERT INTO `Port__r` (`id`, `rev`, `rev_terminal`, `name`, `type`, `l2address`, `reservation_comment`, `label`) VALUES (3132,0,0,'eth1',24,NULL,NULL,'');
INSERT INTO `Port__r` (`id`, `rev`, `rev_terminal`, `name`, `type`, `l2address`, `reservation_comment`, `label`) VALUES (3133,0,0,'kvm',33,NULL,NULL,'');
INSERT INTO `Port__r` (`id`, `rev`, `rev_terminal`, `name`, `type`, `l2address`, `reservation_comment`, `label`) VALUES (3134,0,0,'eth0',24,NULL,NULL,'');
INSERT INTO `Port__r` (`id`, `rev`, `rev_terminal`, `name`, `type`, `l2address`, `reservation_comment`, `label`) VALUES (3135,0,0,'eth1',24,NULL,NULL,'');
INSERT INTO `Port__r` (`id`, `rev`, `rev_terminal`, `name`, `type`, `l2address`, `reservation_comment`, `label`) VALUES (3136,0,0,'kvm',33,NULL,NULL,'');
INSERT INTO `Port__r` (`id`, `rev`, `rev_terminal`, `name`, `type`, `l2address`, `reservation_comment`, `label`) VALUES (3137,0,0,'eth0',24,NULL,NULL,'');
INSERT INTO `Port__r` (`id`, `rev`, `rev_terminal`, `name`, `type`, `l2address`, `reservation_comment`, `label`) VALUES (3138,0,0,'eth1',24,NULL,NULL,'');
INSERT INTO `Port__r` (`id`, `rev`, `rev_terminal`, `name`, `type`, `l2address`, `reservation_comment`, `label`) VALUES (3139,0,0,'kvm',33,NULL,NULL,'');
INSERT INTO `Port__r` (`id`, `rev`, `rev_terminal`, `name`, `type`, `l2address`, `reservation_comment`, `label`) VALUES (3140,0,0,'eth0',24,NULL,NULL,'');
INSERT INTO `Port__r` (`id`, `rev`, `rev_terminal`, `name`, `type`, `l2address`, `reservation_comment`, `label`) VALUES (3141,0,0,'eth1',24,NULL,NULL,'');
INSERT INTO `Port__r` (`id`, `rev`, `rev_terminal`, `name`, `type`, `l2address`, `reservation_comment`, `label`) VALUES (3142,0,0,'con0',29,NULL,NULL,'console');
INSERT INTO `Port__r` (`id`, `rev`, `rev_terminal`, `name`, `type`, `l2address`, `reservation_comment`, `label`) VALUES (3143,0,0,'1',24,'01040104AA00',NULL,'');
INSERT INTO `Port__r` (`id`, `rev`, `rev_terminal`, `name`, `type`, `l2address`, `reservation_comment`, `label`) VALUES (3144,0,0,'2',24,'01040104AA01','for field engineer','');
INSERT INTO `Port__r` (`id`, `rev`, `rev_terminal`, `name`, `type`, `l2address`, `reservation_comment`, `label`) VALUES (3145,0,0,'3',24,'01040104AA02',NULL,'');
INSERT INTO `Port__r` (`id`, `rev`, `rev_terminal`, `name`, `type`, `l2address`, `reservation_comment`, `label`) VALUES (3146,0,0,'4',24,'01040104AA03',NULL,'');
INSERT INTO `Port__r` (`id`, `rev`, `rev_terminal`, `name`, `type`, `l2address`, `reservation_comment`, `label`) VALUES (3147,0,0,'5',24,'01040104AA04',NULL,'');
INSERT INTO `Port__r` (`id`, `rev`, `rev_terminal`, `name`, `type`, `l2address`, `reservation_comment`, `label`) VALUES (3148,0,0,'6',24,'01040104AA05',NULL,'');
INSERT INTO `Port__r` (`id`, `rev`, `rev_terminal`, `name`, `type`, `l2address`, `reservation_comment`, `label`) VALUES (3149,0,0,'7',24,'01040104AA06',NULL,'');
INSERT INTO `Port__r` (`id`, `rev`, `rev_terminal`, `name`, `type`, `l2address`, `reservation_comment`, `label`) VALUES (3150,0,0,'8',24,'01040104AA07',NULL,'');
INSERT INTO `Port__r` (`id`, `rev`, `rev_terminal`, `name`, `type`, `l2address`, `reservation_comment`, `label`) VALUES (3151,0,0,'9',24,'01040104AA08',NULL,'');
INSERT INTO `Port__r` (`id`, `rev`, `rev_terminal`, `name`, `type`, `l2address`, `reservation_comment`, `label`) VALUES (3152,0,0,'10',24,'01040104AA09',NULL,'');
INSERT INTO `Port__r` (`id`, `rev`, `rev_terminal`, `name`, `type`, `l2address`, `reservation_comment`, `label`) VALUES (3153,0,0,'11',24,'01040104AA0A',NULL,'');
INSERT INTO `Port__r` (`id`, `rev`, `rev_terminal`, `name`, `type`, `l2address`, `reservation_comment`, `label`) VALUES (3154,0,0,'12',24,'01040104AA0B',NULL,'');
INSERT INTO `Port__r` (`id`, `rev`, `rev_terminal`, `name`, `type`, `l2address`, `reservation_comment`, `label`) VALUES (3155,0,0,'13',24,'01040104AA0C',NULL,'');
INSERT INTO `Port__r` (`id`, `rev`, `rev_terminal`, `name`, `type`, `l2address`, `reservation_comment`, `label`) VALUES (3156,0,0,'14',24,'01040104AA0D',NULL,'');
INSERT INTO `Port__r` (`id`, `rev`, `rev_terminal`, `name`, `type`, `l2address`, `reservation_comment`, `label`) VALUES (3157,0,0,'15',24,'01040104AA0E',NULL,'');
INSERT INTO `Port__r` (`id`, `rev`, `rev_terminal`, `name`, `type`, `l2address`, `reservation_comment`, `label`) VALUES (3158,0,0,'16',24,'01040104AA0F',NULL,'');
INSERT INTO `Port__r` (`id`, `rev`, `rev_terminal`, `name`, `type`, `l2address`, `reservation_comment`, `label`) VALUES (3159,0,0,'con',681,NULL,NULL,'console');
INSERT INTO `Port__r` (`id`, `rev`, `rev_terminal`, `name`, `type`, `l2address`, `reservation_comment`, `label`) VALUES (3160,0,0,'ttyS0',681,NULL,NULL,'serial A');
INSERT INTO `Port__r` (`id`, `rev`, `rev_terminal`, `name`, `type`, `l2address`, `reservation_comment`, `label`) VALUES (3161,0,0,'ttyS1',681,NULL,NULL,'serial B');
INSERT INTO `Port__r` (`id`, `rev`, `rev_terminal`, `name`, `type`, `l2address`, `reservation_comment`, `label`) VALUES (3162,0,0,'tail1',446,NULL,NULL,'');
INSERT INTO `Port__r` (`id`, `rev`, `rev_terminal`, `name`, `type`, `l2address`, `reservation_comment`, `label`) VALUES (3163,0,0,'tail2',446,NULL,NULL,'');
INSERT INTO `Port__r` (`id`, `rev`, `rev_terminal`, `name`, `type`, `l2address`, `reservation_comment`, `label`) VALUES (3164,0,0,'tail3',446,NULL,NULL,'');
INSERT INTO `Port__r` (`id`, `rev`, `rev_terminal`, `name`, `type`, `l2address`, `reservation_comment`, `label`) VALUES (3165,0,0,'tail4',446,NULL,NULL,'');
INSERT INTO `Port__r` (`id`, `rev`, `rev_terminal`, `name`, `type`, `l2address`, `reservation_comment`, `label`) VALUES (3166,0,0,'tail5',446,NULL,NULL,'');
INSERT INTO `Port__r` (`id`, `rev`, `rev_terminal`, `name`, `type`, `l2address`, `reservation_comment`, `label`) VALUES (3167,0,0,'tail6',446,NULL,NULL,'');
INSERT INTO `Port__r` (`id`, `rev`, `rev_terminal`, `name`, `type`, `l2address`, `reservation_comment`, `label`) VALUES (3168,0,0,'tail7',446,NULL,NULL,'');
INSERT INTO `Port__r` (`id`, `rev`, `rev_terminal`, `name`, `type`, `l2address`, `reservation_comment`, `label`) VALUES (3169,0,0,'tail8',446,NULL,NULL,'');
INSERT INTO `Port__r` (`id`, `rev`, `rev_terminal`, `name`, `type`, `l2address`, `reservation_comment`, `label`) VALUES (3170,0,0,'head',33,NULL,'monitor connected','');
INSERT INTO `Port__r` (`id`, `rev`, `rev_terminal`, `name`, `type`, `l2address`, `reservation_comment`, `label`) VALUES (3171,0,0,'net',19,'020002003333',NULL,'');
INSERT INTO `Port__r` (`id`, `rev`, `rev_terminal`, `name`, `type`, `l2address`, `reservation_comment`, `label`) VALUES (3178,0,0,'fa1/0',19,NULL,NULL,'');
INSERT INTO `Port__r` (`id`, `rev`, `rev_terminal`, `name`, `type`, `l2address`, `reservation_comment`, `label`) VALUES (3179,0,0,'fa1/0',19,NULL,NULL,'');
85a3534,3541
INSERT INTO `Rack` (`id`, `thumb_data`) VALUES (40,NULL);
INSERT INTO `Rack` (`id`, `thumb_data`) VALUES (41,NULL);
INSERT INTO `Rack` (`id`, `thumb_data`) VALUES (42,NULL);
INSERT INTO `Rack` (`id`, `thumb_data`) VALUES (43,NULL);
INSERT INTO `Rack` (`id`, `thumb_data`) VALUES (44,NULL);
INSERT INTO `Rack` (`id`, `thumb_data`) VALUES (45,NULL);
INSERT INTO `Rack` (`id`, `thumb_data`) VALUES (46,NULL);
INSERT INTO `Rack` (`id`, `thumb_data`) VALUES (47,NULL);
99a3556,3613
INSERT INTO `RackObject` (`id`) VALUES (905);
INSERT INTO `RackObject` (`id`) VALUES (906);
INSERT INTO `RackObject` (`id`) VALUES (907);
INSERT INTO `RackObject` (`id`) VALUES (908);
INSERT INTO `RackObject` (`id`) VALUES (909);
INSERT INTO `RackObject` (`id`) VALUES (910);
INSERT INTO `RackObject` (`id`) VALUES (911);
INSERT INTO `RackObject` (`id`) VALUES (912);
INSERT INTO `RackObject` (`id`) VALUES (913);
INSERT INTO `RackObject` (`id`) VALUES (914);
INSERT INTO `RackObject` (`id`) VALUES (915);
INSERT INTO `RackObject` (`id`) VALUES (916);
INSERT INTO `RackObject` (`id`) VALUES (917);
INSERT INTO `RackObject` (`id`) VALUES (918);
INSERT INTO `RackObject` (`id`) VALUES (919);
INSERT INTO `RackObject` (`id`) VALUES (920);
INSERT INTO `RackObject` (`id`) VALUES (921);
INSERT INTO `RackObject` (`id`) VALUES (922);
INSERT INTO `RackObject` (`id`) VALUES (923);
INSERT INTO `RackObject` (`id`) VALUES (924);
INSERT INTO `RackObject` (`id`) VALUES (925);
INSERT INTO `RackObject` (`id`) VALUES (926);
INSERT INTO `RackObject` (`id`) VALUES (927);
INSERT INTO `RackObject` (`id`) VALUES (928);
INSERT INTO `RackObject` (`id`) VALUES (929);
INSERT INTO `RackObject` (`id`) VALUES (930);
INSERT INTO `RackObject` (`id`) VALUES (931);
INSERT INTO `RackObject` (`id`) VALUES (932);
INSERT INTO `RackObject` (`id`) VALUES (933);
INSERT INTO `RackObject` (`id`) VALUES (934);
INSERT INTO `RackObject` (`id`) VALUES (935);
INSERT INTO `RackObject` (`id`) VALUES (936);
INSERT INTO `RackObject` (`id`) VALUES (937);
INSERT INTO `RackObject` (`id`) VALUES (938);
INSERT INTO `RackObject` (`id`) VALUES (939);
INSERT INTO `RackObject` (`id`) VALUES (940);
INSERT INTO `RackObject` (`id`) VALUES (941);
INSERT INTO `RackObject` (`id`) VALUES (942);
INSERT INTO `RackObject` (`id`) VALUES (943);
INSERT INTO `RackObject` (`id`) VALUES (944);
INSERT INTO `RackObject` (`id`) VALUES (945);
INSERT INTO `RackObject` (`id`) VALUES (946);
INSERT INTO `RackObject` (`id`) VALUES (947);
INSERT INTO `RackObject` (`id`) VALUES (948);
INSERT INTO `RackObject` (`id`) VALUES (949);
INSERT INTO `RackObject` (`id`) VALUES (950);
INSERT INTO `RackObject` (`id`) VALUES (951);
INSERT INTO `RackObject` (`id`) VALUES (952);
INSERT INTO `RackObject` (`id`) VALUES (953);
INSERT INTO `RackObject` (`id`) VALUES (954);
INSERT INTO `RackObject` (`id`) VALUES (955);
INSERT INTO `RackObject` (`id`) VALUES (956);
INSERT INTO `RackObject` (`id`) VALUES (957);
INSERT INTO `RackObject` (`id`) VALUES (958);
INSERT INTO `RackObject` (`id`) VALUES (959);
INSERT INTO `RackObject` (`id`) VALUES (960);
INSERT INTO `RackObject` (`id`) VALUES (961);
INSERT INTO `RackObject` (`id`) VALUES (962);
25a3640,3697
INSERT INTO `RackObject__r` (`id`, `rev`, `rev_terminal`, `name`, `label`, `barcode`, `objtype_id`, `asset_no`, `has_problems`, `comment`) VALUES (905,0,0,'london router','bbrtr1',NULL,7,'net247','no','');
INSERT INTO `RackObject__r` (`id`, `rev`, `rev_terminal`, `name`, `label`, `barcode`, `objtype_id`, `asset_no`, `has_problems`, `comment`) VALUES (906,0,0,'londonswitch1','',NULL,8,NULL,'no','');
INSERT INTO `RackObject__r` (`id`, `rev`, `rev_terminal`, `name`, `label`, `barcode`, `objtype_id`, `asset_no`, `has_problems`, `comment`) VALUES (907,0,0,'New-York router 1','bbrtr2a',NULL,7,'net55','no','');
INSERT INTO `RackObject__r` (`id`, `rev`, `rev_terminal`, `name`, `label`, `barcode`, `objtype_id`, `asset_no`, `has_problems`, `comment`) VALUES (908,0,0,'moscow router','bbrtr3',NULL,7,NULL,'no',NULL);
INSERT INTO `RackObject__r` (`id`, `rev`, `rev_terminal`, `name`, `label`, `barcode`, `objtype_id`, `asset_no`, `has_problems`, `comment`) VALUES (909,0,0,'tokyo router','bbrtr4',NULL,7,NULL,'no',NULL);
INSERT INTO `RackObject__r` (`id`, `rev`, `rev_terminal`, `name`, `label`, `barcode`, `objtype_id`, `asset_no`, `has_problems`, `comment`) VALUES (910,0,0,'London server 1','lserver01',NULL,4,'srv500','no','');
INSERT INTO `RackObject__r` (`id`, `rev`, `rev_terminal`, `name`, `label`, `barcode`, `objtype_id`, `asset_no`, `has_problems`, `comment`) VALUES (911,0,0,'London server 2','lserver02',NULL,4,'srv501','no','');
INSERT INTO `RackObject__r` (`id`, `rev`, `rev_terminal`, `name`, `label`, `barcode`, `objtype_id`, `asset_no`, `has_problems`, `comment`) VALUES (912,0,0,'London server 3','lserver03',NULL,4,'srv502','no','');
INSERT INTO `RackObject__r` (`id`, `rev`, `rev_terminal`, `name`, `label`, `barcode`, `objtype_id`, `asset_no`, `has_problems`, `comment`) VALUES (913,0,0,'London server 4','lserver04',NULL,4,'srv503','yes','this one needs replacement');
INSERT INTO `RackObject__r` (`id`, `rev`, `rev_terminal`, `name`, `label`, `barcode`, `objtype_id`, `asset_no`, `has_problems`, `comment`) VALUES (914,0,0,'London server 5','lserver05',NULL,4,'srv504','no','');
INSERT INTO `RackObject__r` (`id`, `rev`, `rev_terminal`, `name`, `label`, `barcode`, `objtype_id`, `asset_no`, `has_problems`, `comment`) VALUES (915,0,0,'london LB','llb',NULL,8,'net1000','no','');
INSERT INTO `RackObject__r` (`id`, `rev`, `rev_terminal`, `name`, `label`, `barcode`, `objtype_id`, `asset_no`, `has_problems`, `comment`) VALUES (916,0,0,'shared storage','',NULL,5,NULL,'no','');
INSERT INTO `RackObject__r` (`id`, `rev`, `rev_terminal`, `name`, `label`, `barcode`, `objtype_id`, `asset_no`, `has_problems`, `comment`) VALUES (917,0,0,'london-NAS','',NULL,7,'net1001','no','');
INSERT INTO `RackObject__r` (`id`, `rev`, `rev_terminal`, `name`, `label`, `barcode`, `objtype_id`, `asset_no`, `has_problems`, `comment`) VALUES (918,0,0,'London server 6','lserver06',NULL,4,'srv505','no',NULL);
INSERT INTO `RackObject__r` (`id`, `rev`, `rev_terminal`, `name`, `label`, `barcode`, `objtype_id`, `asset_no`, `has_problems`, `comment`) VALUES (919,0,0,'London server 7','lserver07',NULL,4,'srv506','no',NULL);
INSERT INTO `RackObject__r` (`id`, `rev`, `rev_terminal`, `name`, `label`, `barcode`, `objtype_id`, `asset_no`, `has_problems`, `comment`) VALUES (920,0,0,'backup library','lbackup',NULL,6,'misc200','no',NULL);
INSERT INTO `RackObject__r` (`id`, `rev`, `rev_terminal`, `name`, `label`, `barcode`, `objtype_id`, `asset_no`, `has_problems`, `comment`) VALUES (921,0,0,'lserver06 array','lserver06 array',NULL,5,NULL,'no',NULL);
INSERT INTO `RackObject__r` (`id`, `rev`, `rev_terminal`, `name`, `label`, `barcode`, `objtype_id`, `asset_no`, `has_problems`, `comment`) VALUES (922,0,0,'lserver07 array','lserver07 array',NULL,5,NULL,'no',NULL);
INSERT INTO `RackObject__r` (`id`, `rev`, `rev_terminal`, `name`, `label`, `barcode`, `objtype_id`, `asset_no`, `has_problems`, `comment`) VALUES (923,0,0,'Tokyo server 1','tserver01',NULL,4,'srv654','no',NULL);
INSERT INTO `RackObject__r` (`id`, `rev`, `rev_terminal`, `name`, `label`, `barcode`, `objtype_id`, `asset_no`, `has_problems`, `comment`) VALUES (924,0,0,'Tokyo server 2','tserver02',NULL,4,'srv848','no',NULL);
INSERT INTO `RackObject__r` (`id`, `rev`, `rev_terminal`, `name`, `label`, `barcode`, `objtype_id`, `asset_no`, `has_problems`, `comment`) VALUES (925,0,0,'Tokyo server 3','tserver03',NULL,4,'srv139','no',NULL);
INSERT INTO `RackObject__r` (`id`, `rev`, `rev_terminal`, `name`, `label`, `barcode`, `objtype_id`, `asset_no`, `has_problems`, `comment`) VALUES (926,0,0,'Tokyo switch','tswitch',NULL,8,'net385','no',NULL);
INSERT INTO `RackObject__r` (`id`, `rev`, `rev_terminal`, `name`, `label`, `barcode`, `objtype_id`, `asset_no`, `has_problems`, `comment`) VALUES (927,0,0,'New-York router 2','bbrtr2b',NULL,7,'net498','no',NULL);
INSERT INTO `RackObject__r` (`id`, `rev`, `rev_terminal`, `name`, `label`, `barcode`, `objtype_id`, `asset_no`, `has_problems`, `comment`) VALUES (928,0,0,'New-York IPVS LB A','nylba',NULL,4,'net554','no',NULL);
INSERT INTO `RackObject__r` (`id`, `rev`, `rev_terminal`, `name`, `label`, `barcode`, `objtype_id`, `asset_no`, `has_problems`, `comment`) VALUES (929,0,0,'New-York IPVS LB B','nylbb',NULL,4,'net555','no',NULL);
INSERT INTO `RackObject__r` (`id`, `rev`, `rev_terminal`, `name`, `label`, `barcode`, `objtype_id`, `asset_no`, `has_problems`, `comment`) VALUES (930,0,0,'New-York server switch A','nyswitcha',NULL,8,'net084','no',NULL);
INSERT INTO `RackObject__r` (`id`, `rev`, `rev_terminal`, `name`, `label`, `barcode`, `objtype_id`, `asset_no`, `has_problems`, `comment`) VALUES (931,0,0,'New-York server switch B','nyswitchb',NULL,8,'net486','no',NULL);
INSERT INTO `RackObject__r` (`id`, `rev`, `rev_terminal`, `name`, `label`, `barcode`, `objtype_id`, `asset_no`, `has_problems`, `comment`) VALUES (932,0,0,'New-York server 1A','nysrv1a',NULL,4,'srv287','no',NULL);
INSERT INTO `RackObject__r` (`id`, `rev`, `rev_terminal`, `name`, `label`, `barcode`, `objtype_id`, `asset_no`, `has_problems`, `comment`) VALUES (933,0,0,'New-York server 1B','nysrv1b',NULL,4,'srv288','no',NULL);
INSERT INTO `RackObject__r` (`id`, `rev`, `rev_terminal`, `name`, `label`, `barcode`, `objtype_id`, `asset_no`, `has_problems`, `comment`) VALUES (934,0,0,'New-York server 2A','nysrv2a',NULL,4,NULL,'no',NULL);
INSERT INTO `RackObject__r` (`id`, `rev`, `rev_terminal`, `name`, `label`, `barcode`, `objtype_id`, `asset_no`, `has_problems`, `comment`) VALUES (935,0,0,'New-York server 2B','nysrv2b',NULL,4,NULL,'no',NULL);
INSERT INTO `RackObject__r` (`id`, `rev`, `rev_terminal`, `name`, `label`, `barcode`, `objtype_id`, `asset_no`, `has_problems`, `comment`) VALUES (936,0,0,'New-York server 3A','nysrv3a',NULL,4,NULL,'no',NULL);
INSERT INTO `RackObject__r` (`id`, `rev`, `rev_terminal`, `name`, `label`, `barcode`, `objtype_id`, `asset_no`, `has_problems`, `comment`) VALUES (937,0,0,'New-York server 3B','nysrv3b',NULL,4,NULL,'no',NULL);
INSERT INTO `RackObject__r` (`id`, `rev`, `rev_terminal`, `name`, `label`, `barcode`, `objtype_id`, `asset_no`, `has_problems`, `comment`) VALUES (938,0,0,'New-York server 4A','nysrv4a',NULL,4,NULL,'no',NULL);
INSERT INTO `RackObject__r` (`id`, `rev`, `rev_terminal`, `name`, `label`, `barcode`, `objtype_id`, `asset_no`, `has_problems`, `comment`) VALUES (939,0,0,'New-York server 4B','nysrv4b',NULL,4,NULL,'no',NULL);
INSERT INTO `RackObject__r` (`id`, `rev`, `rev_terminal`, `name`, `label`, `barcode`, `objtype_id`, `asset_no`, `has_problems`, `comment`) VALUES (940,0,0,'New-York server 5A','nysrv5a',NULL,4,NULL,'no',NULL);
INSERT INTO `RackObject__r` (`id`, `rev`, `rev_terminal`, `name`, `label`, `barcode`, `objtype_id`, `asset_no`, `has_problems`, `comment`) VALUES (941,0,0,'New-York server 5B','nysrv5b',NULL,4,NULL,'no',NULL);
INSERT INTO `RackObject__r` (`id`, `rev`, `rev_terminal`, `name`, `label`, `barcode`, `objtype_id`, `asset_no`, `has_problems`, `comment`) VALUES (942,0,0,'wing A UPS','',NULL,12,NULL,'no',NULL);
INSERT INTO `RackObject__r` (`id`, `rev`, `rev_terminal`, `name`, `label`, `barcode`, `objtype_id`, `asset_no`, `has_problems`, `comment`) VALUES (943,0,0,'wing B UPS','',NULL,12,NULL,'no',NULL);
INSERT INTO `RackObject__r` (`id`, `rev`, `rev_terminal`, `name`, `label`, `barcode`, `objtype_id`, `asset_no`, `has_problems`, `comment`) VALUES (944,0,0,'network UPS','',NULL,12,NULL,'no',NULL);
INSERT INTO `RackObject__r` (`id`, `rev`, `rev_terminal`, `name`, `label`, `barcode`, `objtype_id`, `asset_no`, `has_problems`, `comment`) VALUES (945,0,0,NULL,'',NULL,9,NULL,'no',NULL);
INSERT INTO `RackObject__r` (`id`, `rev`, `rev_terminal`, `name`, `label`, `barcode`, `objtype_id`, `asset_no`, `has_problems`, `comment`) VALUES (946,0,0,NULL,'',NULL,9,NULL,'no',NULL);
INSERT INTO `RackObject__r` (`id`, `rev`, `rev_terminal`, `name`, `label`, `barcode`, `objtype_id`, `asset_no`, `has_problems`, `comment`) VALUES (947,0,0,NULL,'',NULL,2,NULL,'no',NULL);
INSERT INTO `RackObject__r` (`id`, `rev`, `rev_terminal`, `name`, `label`, `barcode`, `objtype_id`, `asset_no`, `has_problems`, `comment`) VALUES (948,0,0,NULL,'',NULL,2,NULL,'no',NULL);
INSERT INTO `RackObject__r` (`id`, `rev`, `rev_terminal`, `name`, `label`, `barcode`, `objtype_id`, `asset_no`, `has_problems`, `comment`) VALUES (949,0,0,NULL,'',NULL,2,NULL,'no',NULL);
INSERT INTO `RackObject__r` (`id`, `rev`, `rev_terminal`, `name`, `label`, `barcode`, `objtype_id`, `asset_no`, `has_problems`, `comment`) VALUES (950,0,0,NULL,'',NULL,2,NULL,'no',NULL);
INSERT INTO `RackObject__r` (`id`, `rev`, `rev_terminal`, `name`, `label`, `barcode`, `objtype_id`, `asset_no`, `has_problems`, `comment`) VALUES (951,0,0,NULL,'',NULL,2,NULL,'no',NULL);
INSERT INTO `RackObject__r` (`id`, `rev`, `rev_terminal`, `name`, `label`, `barcode`, `objtype_id`, `asset_no`, `has_problems`, `comment`) VALUES (952,0,0,NULL,'',NULL,2,NULL,'no',NULL);
INSERT INTO `RackObject__r` (`id`, `rev`, `rev_terminal`, `name`, `label`, `barcode`, `objtype_id`, `asset_no`, `has_problems`, `comment`) VALUES (953,0,0,NULL,'',NULL,2,NULL,'no',NULL);
INSERT INTO `RackObject__r` (`id`, `rev`, `rev_terminal`, `name`, `label`, `barcode`, `objtype_id`, `asset_no`, `has_problems`, `comment`) VALUES (954,0,0,NULL,'',NULL,2,NULL,'no',NULL);
INSERT INTO `RackObject__r` (`id`, `rev`, `rev_terminal`, `name`, `label`, `barcode`, `objtype_id`, `asset_no`, `has_problems`, `comment`) VALUES (955,0,0,NULL,'',NULL,2,NULL,'no',NULL);
INSERT INTO `RackObject__r` (`id`, `rev`, `rev_terminal`, `name`, `label`, `barcode`, `objtype_id`, `asset_no`, `has_problems`, `comment`) VALUES (956,0,0,'mps1','','200161',4,NULL,'no',NULL);
INSERT INTO `RackObject__r` (`id`, `rev`, `rev_terminal`, `name`, `label`, `barcode`, `objtype_id`, `asset_no`, `has_problems`, `comment`) VALUES (957,0,0,'mps2','','200283',4,NULL,'no',NULL);
INSERT INTO `RackObject__r` (`id`, `rev`, `rev_terminal`, `name`, `label`, `barcode`, `objtype_id`, `asset_no`, `has_problems`, `comment`) VALUES (958,0,0,'mps3','','200881',4,NULL,'no',NULL);
INSERT INTO `RackObject__r` (`id`, `rev`, `rev_terminal`, `name`, `label`, `barcode`, `objtype_id`, `asset_no`, `has_problems`, `comment`) VALUES (959,0,0,'mps4','','200458',4,NULL,'no',NULL);
INSERT INTO `RackObject__r` (`id`, `rev`, `rev_terminal`, `name`, `label`, `barcode`, `objtype_id`, `asset_no`, `has_problems`, `comment`) VALUES (960,0,0,'mps5','','200112',4,NULL,'no',NULL);
INSERT INTO `RackObject__r` (`id`, `rev`, `rev_terminal`, `name`, `label`, `barcode`, `objtype_id`, `asset_no`, `has_problems`, `comment`) VALUES (961,0,0,'mskswitch','',NULL,8,'sw0001','no',NULL);
INSERT INTO `RackObject__r` (`id`, `rev`, `rev_terminal`, `name`, `label`, `barcode`, `objtype_id`, `asset_no`, `has_problems`, `comment`) VALUES (962,0,0,'moscow kvm switch','','300221',445,'sw0002','no',NULL);
39a3712,3715
INSERT INTO `RackRow` (`id`) VALUES (50000);
INSERT INTO `RackRow` (`id`) VALUES (50001);
INSERT INTO `RackRow` (`id`) VALUES (50002);
INSERT INTO `RackRow` (`id`) VALUES (50003);
59a3736,3739
INSERT INTO `RackRow__r` (`id`, `rev`, `rev_terminal`, `name`) VALUES (50000,0,0,'Moscow');
INSERT INTO `RackRow__r` (`id`, `rev`, `rev_terminal`, `name`) VALUES (50001,0,0,'Tokyo');
INSERT INTO `RackRow__r` (`id`, `rev`, `rev_terminal`, `name`) VALUES (50002,0,0,'New-York');
INSERT INTO `RackRow__r` (`id`, `rev`, `rev_terminal`, `name`) VALUES (50003,0,0,'London');
76a3757,4024
INSERT INTO `RackSpace` (`id`, `rack_id`, `unit_no`, `atom`) VALUES (1,41,9,'interior');
INSERT INTO `RackSpace` (`id`, `rack_id`, `unit_no`, `atom`) VALUES (2,41,9,'front');
INSERT INTO `RackSpace` (`id`, `rack_id`, `unit_no`, `atom`) VALUES (3,41,10,'interior');
INSERT INTO `RackSpace` (`id`, `rack_id`, `unit_no`, `atom`) VALUES (4,41,10,'front');
INSERT INTO `RackSpace` (`id`, `rack_id`, `unit_no`, `atom`) VALUES (5,41,11,'interior');
INSERT INTO `RackSpace` (`id`, `rack_id`, `unit_no`, `atom`) VALUES (6,41,11,'front');
INSERT INTO `RackSpace` (`id`, `rack_id`, `unit_no`, `atom`) VALUES (7,41,7,'front');
INSERT INTO `RackSpace` (`id`, `rack_id`, `unit_no`, `atom`) VALUES (8,41,7,'interior');
INSERT INTO `RackSpace` (`id`, `rack_id`, `unit_no`, `atom`) VALUES (9,43,16,'interior');
INSERT INTO `RackSpace` (`id`, `rack_id`, `unit_no`, `atom`) VALUES (10,43,16,'rear');
INSERT INTO `RackSpace` (`id`, `rack_id`, `unit_no`, `atom`) VALUES (11,43,15,'interior');
INSERT INTO `RackSpace` (`id`, `rack_id`, `unit_no`, `atom`) VALUES (12,43,15,'rear');
INSERT INTO `RackSpace` (`id`, `rack_id`, `unit_no`, `atom`) VALUES (13,43,14,'interior');
INSERT INTO `RackSpace` (`id`, `rack_id`, `unit_no`, `atom`) VALUES (14,43,14,'rear');
INSERT INTO `RackSpace` (`id`, `rack_id`, `unit_no`, `atom`) VALUES (15,47,15,'interior');
INSERT INTO `RackSpace` (`id`, `rack_id`, `unit_no`, `atom`) VALUES (16,47,15,'rear');
INSERT INTO `RackSpace` (`id`, `rack_id`, `unit_no`, `atom`) VALUES (17,47,14,'interior');
INSERT INTO `RackSpace` (`id`, `rack_id`, `unit_no`, `atom`) VALUES (18,47,14,'rear');
INSERT INTO `RackSpace` (`id`, `rack_id`, `unit_no`, `atom`) VALUES (19,47,13,'interior');
INSERT INTO `RackSpace` (`id`, `rack_id`, `unit_no`, `atom`) VALUES (20,47,13,'rear');
INSERT INTO `RackSpace` (`id`, `rack_id`, `unit_no`, `atom`) VALUES (21,45,20,'interior');
INSERT INTO `RackSpace` (`id`, `rack_id`, `unit_no`, `atom`) VALUES (22,45,20,'rear');
INSERT INTO `RackSpace` (`id`, `rack_id`, `unit_no`, `atom`) VALUES (23,45,19,'interior');
INSERT INTO `RackSpace` (`id`, `rack_id`, `unit_no`, `atom`) VALUES (24,45,19,'rear');
INSERT INTO `RackSpace` (`id`, `rack_id`, `unit_no`, `atom`) VALUES (25,45,18,'interior');
INSERT INTO `RackSpace` (`id`, `rack_id`, `unit_no`, `atom`) VALUES (26,45,18,'rear');
INSERT INTO `RackSpace` (`id`, `rack_id`, `unit_no`, `atom`) VALUES (27,40,2,'front');
INSERT INTO `RackSpace` (`id`, `rack_id`, `unit_no`, `atom`) VALUES (28,40,2,'interior');
INSERT INTO `RackSpace` (`id`, `rack_id`, `unit_no`, `atom`) VALUES (29,40,2,'rear');
INSERT INTO `RackSpace` (`id`, `rack_id`, `unit_no`, `atom`) VALUES (30,40,4,'front');
INSERT INTO `RackSpace` (`id`, `rack_id`, `unit_no`, `atom`) VALUES (31,40,4,'interior');
INSERT INTO `RackSpace` (`id`, `rack_id`, `unit_no`, `atom`) VALUES (32,40,4,'rear');
INSERT INTO `RackSpace` (`id`, `rack_id`, `unit_no`, `atom`) VALUES (33,40,6,'front');
INSERT INTO `RackSpace` (`id`, `rack_id`, `unit_no`, `atom`) VALUES (34,40,6,'interior');
INSERT INTO `RackSpace` (`id`, `rack_id`, `unit_no`, `atom`) VALUES (35,40,6,'rear');
INSERT INTO `RackSpace` (`id`, `rack_id`, `unit_no`, `atom`) VALUES (36,40,8,'front');
INSERT INTO `RackSpace` (`id`, `rack_id`, `unit_no`, `atom`) VALUES (37,40,8,'interior');
INSERT INTO `RackSpace` (`id`, `rack_id`, `unit_no`, `atom`) VALUES (38,40,8,'rear');
INSERT INTO `RackSpace` (`id`, `rack_id`, `unit_no`, `atom`) VALUES (39,40,10,'front');
INSERT INTO `RackSpace` (`id`, `rack_id`, `unit_no`, `atom`) VALUES (40,40,10,'interior');
INSERT INTO `RackSpace` (`id`, `rack_id`, `unit_no`, `atom`) VALUES (41,40,10,'rear');
INSERT INTO `RackSpace` (`id`, `rack_id`, `unit_no`, `atom`) VALUES (42,40,23,'rear');
INSERT INTO `RackSpace` (`id`, `rack_id`, `unit_no`, `atom`) VALUES (43,40,23,'interior');
INSERT INTO `RackSpace` (`id`, `rack_id`, `unit_no`, `atom`) VALUES (44,40,23,'front');
INSERT INTO `RackSpace` (`id`, `rack_id`, `unit_no`, `atom`) VALUES (45,41,5,'front');
INSERT INTO `RackSpace` (`id`, `rack_id`, `unit_no`, `atom`) VALUES (46,41,5,'interior');
INSERT INTO `RackSpace` (`id`, `rack_id`, `unit_no`, `atom`) VALUES (47,41,4,'interior');
INSERT INTO `RackSpace` (`id`, `rack_id`, `unit_no`, `atom`) VALUES (48,41,4,'front');
INSERT INTO `RackSpace` (`id`, `rack_id`, `unit_no`, `atom`) VALUES (49,40,22,'front');
INSERT INTO `RackSpace` (`id`, `rack_id`, `unit_no`, `atom`) VALUES (50,40,22,'interior');
INSERT INTO `RackSpace` (`id`, `rack_id`, `unit_no`, `atom`) VALUES (51,40,22,'rear');
INSERT INTO `RackSpace` (`id`, `rack_id`, `unit_no`, `atom`) VALUES (52,42,7,'front');
INSERT INTO `RackSpace` (`id`, `rack_id`, `unit_no`, `atom`) VALUES (53,42,7,'interior');
INSERT INTO `RackSpace` (`id`, `rack_id`, `unit_no`, `atom`) VALUES (54,42,7,'rear');
INSERT INTO `RackSpace` (`id`, `rack_id`, `unit_no`, `atom`) VALUES (55,42,6,'front');
INSERT INTO `RackSpace` (`id`, `rack_id`, `unit_no`, `atom`) VALUES (56,42,6,'interior');
INSERT INTO `RackSpace` (`id`, `rack_id`, `unit_no`, `atom`) VALUES (57,42,6,'rear');
INSERT INTO `RackSpace` (`id`, `rack_id`, `unit_no`, `atom`) VALUES (58,42,5,'front');
INSERT INTO `RackSpace` (`id`, `rack_id`, `unit_no`, `atom`) VALUES (59,42,5,'interior');
INSERT INTO `RackSpace` (`id`, `rack_id`, `unit_no`, `atom`) VALUES (60,42,5,'rear');
INSERT INTO `RackSpace` (`id`, `rack_id`, `unit_no`, `atom`) VALUES (61,42,4,'front');
INSERT INTO `RackSpace` (`id`, `rack_id`, `unit_no`, `atom`) VALUES (62,42,4,'interior');
INSERT INTO `RackSpace` (`id`, `rack_id`, `unit_no`, `atom`) VALUES (63,42,4,'rear');
INSERT INTO `RackSpace` (`id`, `rack_id`, `unit_no`, `atom`) VALUES (64,42,3,'front');
INSERT INTO `RackSpace` (`id`, `rack_id`, `unit_no`, `atom`) VALUES (65,42,3,'interior');
INSERT INTO `RackSpace` (`id`, `rack_id`, `unit_no`, `atom`) VALUES (66,42,3,'rear');
INSERT INTO `RackSpace` (`id`, `rack_id`, `unit_no`, `atom`) VALUES (67,42,13,'front');
INSERT INTO `RackSpace` (`id`, `rack_id`, `unit_no`, `atom`) VALUES (68,42,13,'interior');
INSERT INTO `RackSpace` (`id`, `rack_id`, `unit_no`, `atom`) VALUES (69,42,13,'rear');
INSERT INTO `RackSpace` (`id`, `rack_id`, `unit_no`, `atom`) VALUES (70,42,12,'front');
INSERT INTO `RackSpace` (`id`, `rack_id`, `unit_no`, `atom`) VALUES (71,42,12,'interior');
INSERT INTO `RackSpace` (`id`, `rack_id`, `unit_no`, `atom`) VALUES (72,42,12,'rear');
INSERT INTO `RackSpace` (`id`, `rack_id`, `unit_no`, `atom`) VALUES (73,42,11,'front');
INSERT INTO `RackSpace` (`id`, `rack_id`, `unit_no`, `atom`) VALUES (74,42,11,'interior');
INSERT INTO `RackSpace` (`id`, `rack_id`, `unit_no`, `atom`) VALUES (75,42,11,'rear');
INSERT INTO `RackSpace` (`id`, `rack_id`, `unit_no`, `atom`) VALUES (76,42,10,'front');
INSERT INTO `RackSpace` (`id`, `rack_id`, `unit_no`, `atom`) VALUES (77,42,10,'interior');
INSERT INTO `RackSpace` (`id`, `rack_id`, `unit_no`, `atom`) VALUES (78,42,10,'rear');
INSERT INTO `RackSpace` (`id`, `rack_id`, `unit_no`, `atom`) VALUES (79,42,9,'front');
INSERT INTO `RackSpace` (`id`, `rack_id`, `unit_no`, `atom`) VALUES (80,42,9,'interior');
INSERT INTO `RackSpace` (`id`, `rack_id`, `unit_no`, `atom`) VALUES (81,42,9,'rear');
INSERT INTO `RackSpace` (`id`, `rack_id`, `unit_no`, `atom`) VALUES (82,42,37,'front');
INSERT INTO `RackSpace` (`id`, `rack_id`, `unit_no`, `atom`) VALUES (83,42,37,'interior');
INSERT INTO `RackSpace` (`id`, `rack_id`, `unit_no`, `atom`) VALUES (84,42,37,'rear');
INSERT INTO `RackSpace` (`id`, `rack_id`, `unit_no`, `atom`) VALUES (85,42,36,'front');
INSERT INTO `RackSpace` (`id`, `rack_id`, `unit_no`, `atom`) VALUES (86,42,36,'interior');
INSERT INTO `RackSpace` (`id`, `rack_id`, `unit_no`, `atom`) VALUES (87,42,36,'rear');
INSERT INTO `RackSpace` (`id`, `rack_id`, `unit_no`, `atom`) VALUES (88,42,35,'front');
INSERT INTO `RackSpace` (`id`, `rack_id`, `unit_no`, `atom`) VALUES (89,42,35,'interior');
INSERT INTO `RackSpace` (`id`, `rack_id`, `unit_no`, `atom`) VALUES (90,42,35,'rear');
INSERT INTO `RackSpace` (`id`, `rack_id`, `unit_no`, `atom`) VALUES (91,42,34,'front');
INSERT INTO `RackSpace` (`id`, `rack_id`, `unit_no`, `atom`) VALUES (92,42,34,'interior');
INSERT INTO `RackSpace` (`id`, `rack_id`, `unit_no`, `atom`) VALUES (93,42,34,'rear');
INSERT INTO `RackSpace` (`id`, `rack_id`, `unit_no`, `atom`) VALUES (94,42,33,'front');
INSERT INTO `RackSpace` (`id`, `rack_id`, `unit_no`, `atom`) VALUES (95,42,33,'interior');
INSERT INTO `RackSpace` (`id`, `rack_id`, `unit_no`, `atom`) VALUES (96,42,33,'rear');
INSERT INTO `RackSpace` (`id`, `rack_id`, `unit_no`, `atom`) VALUES (97,42,32,'front');
INSERT INTO `RackSpace` (`id`, `rack_id`, `unit_no`, `atom`) VALUES (98,42,32,'interior');
INSERT INTO `RackSpace` (`id`, `rack_id`, `unit_no`, `atom`) VALUES (99,42,32,'rear');
INSERT INTO `RackSpace` (`id`, `rack_id`, `unit_no`, `atom`) VALUES (100,42,31,'front');
INSERT INTO `RackSpace` (`id`, `rack_id`, `unit_no`, `atom`) VALUES (101,42,31,'interior');
INSERT INTO `RackSpace` (`id`, `rack_id`, `unit_no`, `atom`) VALUES (102,42,31,'rear');
INSERT INTO `RackSpace` (`id`, `rack_id`, `unit_no`, `atom`) VALUES (103,42,30,'front');
INSERT INTO `RackSpace` (`id`, `rack_id`, `unit_no`, `atom`) VALUES (104,42,30,'interior');
INSERT INTO `RackSpace` (`id`, `rack_id`, `unit_no`, `atom`) VALUES (105,42,30,'rear');
INSERT INTO `RackSpace` (`id`, `rack_id`, `unit_no`, `atom`) VALUES (106,42,16,'front');
INSERT INTO `RackSpace` (`id`, `rack_id`, `unit_no`, `atom`) VALUES (107,42,16,'interior');
INSERT INTO `RackSpace` (`id`, `rack_id`, `unit_no`, `atom`) VALUES (108,42,16,'rear');
INSERT INTO `RackSpace` (`id`, `rack_id`, `unit_no`, `atom`) VALUES (109,42,15,'front');
INSERT INTO `RackSpace` (`id`, `rack_id`, `unit_no`, `atom`) VALUES (110,42,15,'interior');
INSERT INTO `RackSpace` (`id`, `rack_id`, `unit_no`, `atom`) VALUES (111,42,15,'rear');
INSERT INTO `RackSpace` (`id`, `rack_id`, `unit_no`, `atom`) VALUES (112,42,18,'front');
INSERT INTO `RackSpace` (`id`, `rack_id`, `unit_no`, `atom`) VALUES (113,42,18,'interior');
INSERT INTO `RackSpace` (`id`, `rack_id`, `unit_no`, `atom`) VALUES (114,42,18,'rear');
INSERT INTO `RackSpace` (`id`, `rack_id`, `unit_no`, `atom`) VALUES (115,42,17,'front');
INSERT INTO `RackSpace` (`id`, `rack_id`, `unit_no`, `atom`) VALUES (116,42,17,'interior');
INSERT INTO `RackSpace` (`id`, `rack_id`, `unit_no`, `atom`) VALUES (117,42,17,'rear');
INSERT INTO `RackSpace` (`id`, `rack_id`, `unit_no`, `atom`) VALUES (118,47,11,'interior');
INSERT INTO `RackSpace` (`id`, `rack_id`, `unit_no`, `atom`) VALUES (119,47,11,'rear');
INSERT INTO `RackSpace` (`id`, `rack_id`, `unit_no`, `atom`) VALUES (120,47,1,'front');
INSERT INTO `RackSpace` (`id`, `rack_id`, `unit_no`, `atom`) VALUES (121,47,1,'interior');
INSERT INTO `RackSpace` (`id`, `rack_id`, `unit_no`, `atom`) VALUES (122,47,1,'rear');
INSERT INTO `RackSpace` (`id`, `rack_id`, `unit_no`, `atom`) VALUES (123,47,3,'front');
INSERT INTO `RackSpace` (`id`, `rack_id`, `unit_no`, `atom`) VALUES (124,47,3,'interior');
INSERT INTO `RackSpace` (`id`, `rack_id`, `unit_no`, `atom`) VALUES (125,47,3,'rear');
INSERT INTO `RackSpace` (`id`, `rack_id`, `unit_no`, `atom`) VALUES (126,47,5,'front');
INSERT INTO `RackSpace` (`id`, `rack_id`, `unit_no`, `atom`) VALUES (127,47,5,'interior');
INSERT INTO `RackSpace` (`id`, `rack_id`, `unit_no`, `atom`) VALUES (128,47,5,'rear');
INSERT INTO `RackSpace` (`id`, `rack_id`, `unit_no`, `atom`) VALUES (129,43,12,'interior');
INSERT INTO `RackSpace` (`id`, `rack_id`, `unit_no`, `atom`) VALUES (130,43,12,'rear');
INSERT INTO `RackSpace` (`id`, `rack_id`, `unit_no`, `atom`) VALUES (131,43,11,'interior');
INSERT INTO `RackSpace` (`id`, `rack_id`, `unit_no`, `atom`) VALUES (132,43,11,'rear');
INSERT INTO `RackSpace` (`id`, `rack_id`, `unit_no`, `atom`) VALUES (133,43,10,'interior');
INSERT INTO `RackSpace` (`id`, `rack_id`, `unit_no`, `atom`) VALUES (134,43,10,'rear');
INSERT INTO `RackSpace` (`id`, `rack_id`, `unit_no`, `atom`) VALUES (135,43,2,'front');
INSERT INTO `RackSpace` (`id`, `rack_id`, `unit_no`, `atom`) VALUES (136,43,2,'interior');
INSERT INTO `RackSpace` (`id`, `rack_id`, `unit_no`, `atom`) VALUES (137,43,2,'rear');
INSERT INTO `RackSpace` (`id`, `rack_id`, `unit_no`, `atom`) VALUES (138,43,1,'front');
INSERT INTO `RackSpace` (`id`, `rack_id`, `unit_no`, `atom`) VALUES (139,43,1,'interior');
INSERT INTO `RackSpace` (`id`, `rack_id`, `unit_no`, `atom`) VALUES (140,43,1,'rear');
INSERT INTO `RackSpace` (`id`, `rack_id`, `unit_no`, `atom`) VALUES (141,44,5,'front');
INSERT INTO `RackSpace` (`id`, `rack_id`, `unit_no`, `atom`) VALUES (142,44,5,'interior');
INSERT INTO `RackSpace` (`id`, `rack_id`, `unit_no`, `atom`) VALUES (143,44,5,'rear');
INSERT INTO `RackSpace` (`id`, `rack_id`, `unit_no`, `atom`) VALUES (144,44,4,'front');
INSERT INTO `RackSpace` (`id`, `rack_id`, `unit_no`, `atom`) VALUES (145,44,4,'interior');
INSERT INTO `RackSpace` (`id`, `rack_id`, `unit_no`, `atom`) VALUES (146,44,4,'rear');
INSERT INTO `RackSpace` (`id`, `rack_id`, `unit_no`, `atom`) VALUES (147,44,3,'front');
INSERT INTO `RackSpace` (`id`, `rack_id`, `unit_no`, `atom`) VALUES (148,44,3,'interior');
INSERT INTO `RackSpace` (`id`, `rack_id`, `unit_no`, `atom`) VALUES (149,44,3,'rear');
INSERT INTO `RackSpace` (`id`, `rack_id`, `unit_no`, `atom`) VALUES (150,44,2,'front');
INSERT INTO `RackSpace` (`id`, `rack_id`, `unit_no`, `atom`) VALUES (151,44,2,'interior');
INSERT INTO `RackSpace` (`id`, `rack_id`, `unit_no`, `atom`) VALUES (152,44,2,'rear');
INSERT INTO `RackSpace` (`id`, `rack_id`, `unit_no`, `atom`) VALUES (153,44,1,'front');
INSERT INTO `RackSpace` (`id`, `rack_id`, `unit_no`, `atom`) VALUES (154,44,1,'interior');
INSERT INTO `RackSpace` (`id`, `rack_id`, `unit_no`, `atom`) VALUES (155,44,1,'rear');
INSERT INTO `RackSpace` (`id`, `rack_id`, `unit_no`, `atom`) VALUES (156,46,5,'front');
INSERT INTO `RackSpace` (`id`, `rack_id`, `unit_no`, `atom`) VALUES (157,46,5,'interior');
INSERT INTO `RackSpace` (`id`, `rack_id`, `unit_no`, `atom`) VALUES (158,46,5,'rear');
INSERT INTO `RackSpace` (`id`, `rack_id`, `unit_no`, `atom`) VALUES (159,46,4,'front');
INSERT INTO `RackSpace` (`id`, `rack_id`, `unit_no`, `atom`) VALUES (160,46,4,'interior');
INSERT INTO `RackSpace` (`id`, `rack_id`, `unit_no`, `atom`) VALUES (161,46,4,'rear');
INSERT INTO `RackSpace` (`id`, `rack_id`, `unit_no`, `atom`) VALUES (162,46,3,'front');
INSERT INTO `RackSpace` (`id`, `rack_id`, `unit_no`, `atom`) VALUES (163,46,3,'interior');
INSERT INTO `RackSpace` (`id`, `rack_id`, `unit_no`, `atom`) VALUES (164,46,3,'rear');
INSERT INTO `RackSpace` (`id`, `rack_id`, `unit_no`, `atom`) VALUES (165,46,2,'front');
INSERT INTO `RackSpace` (`id`, `rack_id`, `unit_no`, `atom`) VALUES (166,46,2,'interior');
INSERT INTO `RackSpace` (`id`, `rack_id`, `unit_no`, `atom`) VALUES (167,46,2,'rear');
INSERT INTO `RackSpace` (`id`, `rack_id`, `unit_no`, `atom`) VALUES (168,46,1,'front');
INSERT INTO `RackSpace` (`id`, `rack_id`, `unit_no`, `atom`) VALUES (169,46,1,'interior');
INSERT INTO `RackSpace` (`id`, `rack_id`, `unit_no`, `atom`) VALUES (170,46,1,'rear');
INSERT INTO `RackSpace` (`id`, `rack_id`, `unit_no`, `atom`) VALUES (171,44,6,'front');
INSERT INTO `RackSpace` (`id`, `rack_id`, `unit_no`, `atom`) VALUES (172,44,6,'interior');
INSERT INTO `RackSpace` (`id`, `rack_id`, `unit_no`, `atom`) VALUES (173,44,6,'rear');
INSERT INTO `RackSpace` (`id`, `rack_id`, `unit_no`, `atom`) VALUES (174,46,6,'front');
INSERT INTO `RackSpace` (`id`, `rack_id`, `unit_no`, `atom`) VALUES (175,46,6,'interior');
INSERT INTO `RackSpace` (`id`, `rack_id`, `unit_no`, `atom`) VALUES (176,46,6,'rear');
INSERT INTO `RackSpace` (`id`, `rack_id`, `unit_no`, `atom`) VALUES (177,46,17,'rear');
INSERT INTO `RackSpace` (`id`, `rack_id`, `unit_no`, `atom`) VALUES (178,45,20,'front');
INSERT INTO `RackSpace` (`id`, `rack_id`, `unit_no`, `atom`) VALUES (179,41,6,'front');
INSERT INTO `RackSpace` (`id`, `rack_id`, `unit_no`, `atom`) VALUES (180,40,1,'rear');
INSERT INTO `RackSpace` (`id`, `rack_id`, `unit_no`, `atom`) VALUES (181,46,37,'rear');
INSERT INTO `RackSpace` (`id`, `rack_id`, `unit_no`, `atom`) VALUES (182,46,37,'interior');
INSERT INTO `RackSpace` (`id`, `rack_id`, `unit_no`, `atom`) VALUES (183,46,40,'rear');
INSERT INTO `RackSpace` (`id`, `rack_id`, `unit_no`, `atom`) VALUES (184,46,40,'interior');
INSERT INTO `RackSpace` (`id`, `rack_id`, `unit_no`, `atom`) VALUES (185,46,15,'rear');
INSERT INTO `RackSpace` (`id`, `rack_id`, `unit_no`, `atom`) VALUES (186,46,15,'interior');
INSERT INTO `RackSpace` (`id`, `rack_id`, `unit_no`, `atom`) VALUES (187,46,15,'front');
INSERT INTO `RackSpace` (`id`, `rack_id`, `unit_no`, `atom`) VALUES (188,46,13,'front');
INSERT INTO `RackSpace` (`id`, `rack_id`, `unit_no`, `atom`) VALUES (189,46,11,'rear');
INSERT INTO `RackSpace` (`id`, `rack_id`, `unit_no`, `atom`) VALUES (190,46,11,'interior');
INSERT INTO `RackSpace` (`id`, `rack_id`, `unit_no`, `atom`) VALUES (191,46,9,'interior');
INSERT INTO `RackSpace` (`id`, `rack_id`, `unit_no`, `atom`) VALUES (192,46,7,'interior');
INSERT INTO `RackSpace` (`id`, `rack_id`, `unit_no`, `atom`) VALUES (193,47,16,'rear');
INSERT INTO `RackSpace` (`id`, `rack_id`, `unit_no`, `atom`) VALUES (194,44,38,'rear');
INSERT INTO `RackSpace` (`id`, `rack_id`, `unit_no`, `atom`) VALUES (195,44,40,'interior');
INSERT INTO `RackSpace` (`id`, `rack_id`, `unit_no`, `atom`) VALUES (196,44,15,'rear');
INSERT INTO `RackSpace` (`id`, `rack_id`, `unit_no`, `atom`) VALUES (197,44,13,'rear');
INSERT INTO `RackSpace` (`id`, `rack_id`, `unit_no`, `atom`) VALUES (198,44,11,'rear');
INSERT INTO `RackSpace` (`id`, `rack_id`, `unit_no`, `atom`) VALUES (199,44,9,'rear');
INSERT INTO `RackSpace` (`id`, `rack_id`, `unit_no`, `atom`) VALUES (200,44,7,'rear');
INSERT INTO `RackSpace` (`id`, `rack_id`, `unit_no`, `atom`) VALUES (201,41,12,'rear');
INSERT INTO `RackSpace` (`id`, `rack_id`, `unit_no`, `atom`) VALUES (202,41,11,'rear');
INSERT INTO `RackSpace` (`id`, `rack_id`, `unit_no`, `atom`) VALUES (203,41,10,'rear');
INSERT INTO `RackSpace` (`id`, `rack_id`, `unit_no`, `atom`) VALUES (204,41,9,'rear');
INSERT INTO `RackSpace` (`id`, `rack_id`, `unit_no`, `atom`) VALUES (205,41,8,'rear');
INSERT INTO `RackSpace` (`id`, `rack_id`, `unit_no`, `atom`) VALUES (206,41,7,'rear');
INSERT INTO `RackSpace` (`id`, `rack_id`, `unit_no`, `atom`) VALUES (207,41,6,'rear');
INSERT INTO `RackSpace` (`id`, `rack_id`, `unit_no`, `atom`) VALUES (208,41,5,'rear');
INSERT INTO `RackSpace` (`id`, `rack_id`, `unit_no`, `atom`) VALUES (209,41,4,'rear');
INSERT INTO `RackSpace` (`id`, `rack_id`, `unit_no`, `atom`) VALUES (210,41,3,'rear');
INSERT INTO `RackSpace` (`id`, `rack_id`, `unit_no`, `atom`) VALUES (211,41,2,'rear');
INSERT INTO `RackSpace` (`id`, `rack_id`, `unit_no`, `atom`) VALUES (212,41,1,'rear');
INSERT INTO `RackSpace` (`id`, `rack_id`, `unit_no`, `atom`) VALUES (213,47,9,'rear');
INSERT INTO `RackSpace` (`id`, `rack_id`, `unit_no`, `atom`) VALUES (214,44,17,'rear');
INSERT INTO `RackSpace` (`id`, `rack_id`, `unit_no`, `atom`) VALUES (215,43,9,'rear');
INSERT INTO `RackSpace` (`id`, `rack_id`, `unit_no`, `atom`) VALUES (216,42,14,'rear');
INSERT INTO `RackSpace` (`id`, `rack_id`, `unit_no`, `atom`) VALUES (217,42,2,'rear');
INSERT INTO `RackSpace` (`id`, `rack_id`, `unit_no`, `atom`) VALUES (218,46,38,'rear');
INSERT INTO `RackSpace` (`id`, `rack_id`, `unit_no`, `atom`) VALUES (219,46,38,'interior');
INSERT INTO `RackSpace` (`id`, `rack_id`, `unit_no`, `atom`) VALUES (220,46,41,'rear');
INSERT INTO `RackSpace` (`id`, `rack_id`, `unit_no`, `atom`) VALUES (221,46,41,'interior');
INSERT INTO `RackSpace` (`id`, `rack_id`, `unit_no`, `atom`) VALUES (222,46,13,'rear');
INSERT INTO `RackSpace` (`id`, `rack_id`, `unit_no`, `atom`) VALUES (223,46,13,'interior');
INSERT INTO `RackSpace` (`id`, `rack_id`, `unit_no`, `atom`) VALUES (224,46,11,'front');
INSERT INTO `RackSpace` (`id`, `rack_id`, `unit_no`, `atom`) VALUES (225,46,9,'rear');
INSERT INTO `RackSpace` (`id`, `rack_id`, `unit_no`, `atom`) VALUES (226,46,9,'front');
INSERT INTO `RackSpace` (`id`, `rack_id`, `unit_no`, `atom`) VALUES (227,46,7,'rear');
INSERT INTO `RackSpace` (`id`, `rack_id`, `unit_no`, `atom`) VALUES (228,46,7,'front');
INSERT INTO `RackSpace` (`id`, `rack_id`, `unit_no`, `atom`) VALUES (229,43,13,'rear');
INSERT INTO `RackSpace` (`id`, `rack_id`, `unit_no`, `atom`) VALUES (230,44,37,'rear');
INSERT INTO `RackSpace` (`id`, `rack_id`, `unit_no`, `atom`) VALUES (231,44,37,'interior');
INSERT INTO `RackSpace` (`id`, `rack_id`, `unit_no`, `atom`) VALUES (232,44,38,'interior');
INSERT INTO `RackSpace` (`id`, `rack_id`, `unit_no`, `atom`) VALUES (233,44,40,'rear');
INSERT INTO `RackSpace` (`id`, `rack_id`, `unit_no`, `atom`) VALUES (234,44,41,'rear');
INSERT INTO `RackSpace` (`id`, `rack_id`, `unit_no`, `atom`) VALUES (235,44,41,'interior');
INSERT INTO `RackSpace` (`id`, `rack_id`, `unit_no`, `atom`) VALUES (236,44,15,'interior');
INSERT INTO `RackSpace` (`id`, `rack_id`, `unit_no`, `atom`) VALUES (237,44,15,'front');
INSERT INTO `RackSpace` (`id`, `rack_id`, `unit_no`, `atom`) VALUES (238,44,13,'interior');
INSERT INTO `RackSpace` (`id`, `rack_id`, `unit_no`, `atom`) VALUES (239,44,13,'front');
INSERT INTO `RackSpace` (`id`, `rack_id`, `unit_no`, `atom`) VALUES (240,44,11,'interior');
INSERT INTO `RackSpace` (`id`, `rack_id`, `unit_no`, `atom`) VALUES (241,44,11,'front');
INSERT INTO `RackSpace` (`id`, `rack_id`, `unit_no`, `atom`) VALUES (242,44,9,'interior');
INSERT INTO `RackSpace` (`id`, `rack_id`, `unit_no`, `atom`) VALUES (243,44,9,'front');
INSERT INTO `RackSpace` (`id`, `rack_id`, `unit_no`, `atom`) VALUES (244,44,7,'interior');
INSERT INTO `RackSpace` (`id`, `rack_id`, `unit_no`, `atom`) VALUES (245,44,7,'front');
INSERT INTO `RackSpace` (`id`, `rack_id`, `unit_no`, `atom`) VALUES (246,41,2,'front');
INSERT INTO `RackSpace` (`id`, `rack_id`, `unit_no`, `atom`) VALUES (247,41,2,'interior');
INSERT INTO `RackSpace` (`id`, `rack_id`, `unit_no`, `atom`) VALUES (248,41,1,'front');
INSERT INTO `RackSpace` (`id`, `rack_id`, `unit_no`, `atom`) VALUES (249,41,1,'interior');
INSERT INTO `RackSpace` (`id`, `rack_id`, `unit_no`, `atom`) VALUES (250,45,2,'front');
INSERT INTO `RackSpace` (`id`, `rack_id`, `unit_no`, `atom`) VALUES (251,45,2,'interior');
INSERT INTO `RackSpace` (`id`, `rack_id`, `unit_no`, `atom`) VALUES (252,45,2,'rear');
INSERT INTO `RackSpace` (`id`, `rack_id`, `unit_no`, `atom`) VALUES (253,45,4,'front');
INSERT INTO `RackSpace` (`id`, `rack_id`, `unit_no`, `atom`) VALUES (254,45,4,'interior');
INSERT INTO `RackSpace` (`id`, `rack_id`, `unit_no`, `atom`) VALUES (255,45,4,'rear');
INSERT INTO `RackSpace` (`id`, `rack_id`, `unit_no`, `atom`) VALUES (256,45,6,'front');
INSERT INTO `RackSpace` (`id`, `rack_id`, `unit_no`, `atom`) VALUES (257,45,6,'interior');
INSERT INTO `RackSpace` (`id`, `rack_id`, `unit_no`, `atom`) VALUES (258,45,6,'rear');
INSERT INTO `RackSpace` (`id`, `rack_id`, `unit_no`, `atom`) VALUES (259,45,8,'front');
INSERT INTO `RackSpace` (`id`, `rack_id`, `unit_no`, `atom`) VALUES (260,45,8,'interior');
INSERT INTO `RackSpace` (`id`, `rack_id`, `unit_no`, `atom`) VALUES (261,45,8,'rear');
INSERT INTO `RackSpace` (`id`, `rack_id`, `unit_no`, `atom`) VALUES (262,45,10,'front');
INSERT INTO `RackSpace` (`id`, `rack_id`, `unit_no`, `atom`) VALUES (263,45,10,'interior');
INSERT INTO `RackSpace` (`id`, `rack_id`, `unit_no`, `atom`) VALUES (264,45,10,'rear');
INSERT INTO `RackSpace` (`id`, `rack_id`, `unit_no`, `atom`) VALUES (265,45,35,'interior');
INSERT INTO `RackSpace` (`id`, `rack_id`, `unit_no`, `atom`) VALUES (266,45,35,'rear');
INSERT INTO `RackSpace` (`id`, `rack_id`, `unit_no`, `atom`) VALUES (267,45,34,'interior');
INSERT INTO `RackSpace` (`id`, `rack_id`, `unit_no`, `atom`) VALUES (268,45,34,'rear');
97a4046,4313
INSERT INTO `RackSpace__r` (`id`, `rev`, `rev_terminal`, `state`, `object_id`) VALUES (1,0,0,'T',905);
INSERT INTO `RackSpace__r` (`id`, `rev`, `rev_terminal`, `state`, `object_id`) VALUES (2,0,0,'T',905);
INSERT INTO `RackSpace__r` (`id`, `rev`, `rev_terminal`, `state`, `object_id`) VALUES (3,0,0,'T',905);
INSERT INTO `RackSpace__r` (`id`, `rev`, `rev_terminal`, `state`, `object_id`) VALUES (4,0,0,'T',905);
INSERT INTO `RackSpace__r` (`id`, `rev`, `rev_terminal`, `state`, `object_id`) VALUES (5,0,0,'T',905);
INSERT INTO `RackSpace__r` (`id`, `rev`, `rev_terminal`, `state`, `object_id`) VALUES (6,0,0,'T',905);
INSERT INTO `RackSpace__r` (`id`, `rev`, `rev_terminal`, `state`, `object_id`) VALUES (7,0,0,'T',906);
INSERT INTO `RackSpace__r` (`id`, `rev`, `rev_terminal`, `state`, `object_id`) VALUES (8,0,0,'T',906);
INSERT INTO `RackSpace__r` (`id`, `rev`, `rev_terminal`, `state`, `object_id`) VALUES (9,0,0,'T',907);
INSERT INTO `RackSpace__r` (`id`, `rev`, `rev_terminal`, `state`, `object_id`) VALUES (10,0,0,'T',907);
INSERT INTO `RackSpace__r` (`id`, `rev`, `rev_terminal`, `state`, `object_id`) VALUES (11,0,0,'T',907);
INSERT INTO `RackSpace__r` (`id`, `rev`, `rev_terminal`, `state`, `object_id`) VALUES (12,0,0,'T',907);
INSERT INTO `RackSpace__r` (`id`, `rev`, `rev_terminal`, `state`, `object_id`) VALUES (13,0,0,'T',907);
INSERT INTO `RackSpace__r` (`id`, `rev`, `rev_terminal`, `state`, `object_id`) VALUES (14,0,0,'T',907);
INSERT INTO `RackSpace__r` (`id`, `rev`, `rev_terminal`, `state`, `object_id`) VALUES (15,0,0,'T',909);
INSERT INTO `RackSpace__r` (`id`, `rev`, `rev_terminal`, `state`, `object_id`) VALUES (16,0,0,'T',909);
INSERT INTO `RackSpace__r` (`id`, `rev`, `rev_terminal`, `state`, `object_id`) VALUES (17,0,0,'T',909);
INSERT INTO `RackSpace__r` (`id`, `rev`, `rev_terminal`, `state`, `object_id`) VALUES (18,0,0,'T',909);
INSERT INTO `RackSpace__r` (`id`, `rev`, `rev_terminal`, `state`, `object_id`) VALUES (19,0,0,'T',909);
INSERT INTO `RackSpace__r` (`id`, `rev`, `rev_terminal`, `state`, `object_id`) VALUES (20,0,0,'T',909);
INSERT INTO `RackSpace__r` (`id`, `rev`, `rev_terminal`, `state`, `object_id`) VALUES (21,0,0,'T',908);
INSERT INTO `RackSpace__r` (`id`, `rev`, `rev_terminal`, `state`, `object_id`) VALUES (22,0,0,'T',908);
INSERT INTO `RackSpace__r` (`id`, `rev`, `rev_terminal`, `state`, `object_id`) VALUES (23,0,0,'T',908);
INSERT INTO `RackSpace__r` (`id`, `rev`, `rev_terminal`, `state`, `object_id`) VALUES (24,0,0,'T',908);
INSERT INTO `RackSpace__r` (`id`, `rev`, `rev_terminal`, `state`, `object_id`) VALUES (25,0,0,'T',908);
INSERT INTO `RackSpace__r` (`id`, `rev`, `rev_terminal`, `state`, `object_id`) VALUES (26,0,0,'T',908);
INSERT INTO `RackSpace__r` (`id`, `rev`, `rev_terminal`, `state`, `object_id`) VALUES (27,0,0,'T',910);
INSERT INTO `RackSpace__r` (`id`, `rev`, `rev_terminal`, `state`, `object_id`) VALUES (28,0,0,'T',910);
INSERT INTO `RackSpace__r` (`id`, `rev`, `rev_terminal`, `state`, `object_id`) VALUES (29,0,0,'T',910);
INSERT INTO `RackSpace__r` (`id`, `rev`, `rev_terminal`, `state`, `object_id`) VALUES (30,0,0,'T',911);
INSERT INTO `RackSpace__r` (`id`, `rev`, `rev_terminal`, `state`, `object_id`) VALUES (31,0,0,'T',911);
INSERT INTO `RackSpace__r` (`id`, `rev`, `rev_terminal`, `state`, `object_id`) VALUES (32,0,0,'T',911);
INSERT INTO `RackSpace__r` (`id`, `rev`, `rev_terminal`, `state`, `object_id`) VALUES (33,0,0,'T',912);
INSERT INTO `RackSpace__r` (`id`, `rev`, `rev_terminal`, `state`, `object_id`) VALUES (34,0,0,'T',912);
INSERT INTO `RackSpace__r` (`id`, `rev`, `rev_terminal`, `state`, `object_id`) VALUES (35,0,0,'T',912);
INSERT INTO `RackSpace__r` (`id`, `rev`, `rev_terminal`, `state`, `object_id`) VALUES (36,0,0,'T',913);
INSERT INTO `RackSpace__r` (`id`, `rev`, `rev_terminal`, `state`, `object_id`) VALUES (37,0,0,'T',913);
INSERT INTO `RackSpace__r` (`id`, `rev`, `rev_terminal`, `state`, `object_id`) VALUES (38,0,0,'T',913);
INSERT INTO `RackSpace__r` (`id`, `rev`, `rev_terminal`, `state`, `object_id`) VALUES (39,0,0,'T',914);
INSERT INTO `RackSpace__r` (`id`, `rev`, `rev_terminal`, `state`, `object_id`) VALUES (40,0,0,'T',914);
INSERT INTO `RackSpace__r` (`id`, `rev`, `rev_terminal`, `state`, `object_id`) VALUES (41,0,0,'T',914);
INSERT INTO `RackSpace__r` (`id`, `rev`, `rev_terminal`, `state`, `object_id`) VALUES (42,0,0,'T',916);
INSERT INTO `RackSpace__r` (`id`, `rev`, `rev_terminal`, `state`, `object_id`) VALUES (43,0,0,'T',916);
INSERT INTO `RackSpace__r` (`id`, `rev`, `rev_terminal`, `state`, `object_id`) VALUES (44,0,0,'T',916);
INSERT INTO `RackSpace__r` (`id`, `rev`, `rev_terminal`, `state`, `object_id`) VALUES (45,0,0,'T',915);
INSERT INTO `RackSpace__r` (`id`, `rev`, `rev_terminal`, `state`, `object_id`) VALUES (46,0,0,'T',915);
INSERT INTO `RackSpace__r` (`id`, `rev`, `rev_terminal`, `state`, `object_id`) VALUES (47,0,0,'T',915);
INSERT INTO `RackSpace__r` (`id`, `rev`, `rev_terminal`, `state`, `object_id`) VALUES (48,0,0,'T',915);
INSERT INTO `RackSpace__r` (`id`, `rev`, `rev_terminal`, `state`, `object_id`) VALUES (49,0,0,'T',916);
INSERT INTO `RackSpace__r` (`id`, `rev`, `rev_terminal`, `state`, `object_id`) VALUES (50,0,0,'T',916);
INSERT INTO `RackSpace__r` (`id`, `rev`, `rev_terminal`, `state`, `object_id`) VALUES (51,0,0,'T',916);
INSERT INTO `RackSpace__r` (`id`, `rev`, `rev_terminal`, `state`, `object_id`) VALUES (52,0,0,'T',918);
INSERT INTO `RackSpace__r` (`id`, `rev`, `rev_terminal`, `state`, `object_id`) VALUES (53,0,0,'T',918);
INSERT INTO `RackSpace__r` (`id`, `rev`, `rev_terminal`, `state`, `object_id`) VALUES (54,0,0,'T',918);
INSERT INTO `RackSpace__r` (`id`, `rev`, `rev_terminal`, `state`, `object_id`) VALUES (55,0,0,'T',918);
INSERT INTO `RackSpace__r` (`id`, `rev`, `rev_terminal`, `state`, `object_id`) VALUES (56,0,0,'T',918);
INSERT INTO `RackSpace__r` (`id`, `rev`, `rev_terminal`, `state`, `object_id`) VALUES (57,0,0,'T',918);
INSERT INTO `RackSpace__r` (`id`, `rev`, `rev_terminal`, `state`, `object_id`) VALUES (58,0,0,'T',918);
INSERT INTO `RackSpace__r` (`id`, `rev`, `rev_terminal`, `state`, `object_id`) VALUES (59,0,0,'T',918);
INSERT INTO `RackSpace__r` (`id`, `rev`, `rev_terminal`, `state`, `object_id`) VALUES (60,0,0,'T',918);
INSERT INTO `RackSpace__r` (`id`, `rev`, `rev_terminal`, `state`, `object_id`) VALUES (61,0,0,'T',918);
INSERT INTO `RackSpace__r` (`id`, `rev`, `rev_terminal`, `state`, `object_id`) VALUES (62,0,0,'T',918);
INSERT INTO `RackSpace__r` (`id`, `rev`, `rev_terminal`, `state`, `object_id`) VALUES (63,0,0,'T',918);
INSERT INTO `RackSpace__r` (`id`, `rev`, `rev_terminal`, `state`, `object_id`) VALUES (64,0,0,'T',918);
INSERT INTO `RackSpace__r` (`id`, `rev`, `rev_terminal`, `state`, `object_id`) VALUES (65,0,0,'T',918);
INSERT INTO `RackSpace__r` (`id`, `rev`, `rev_terminal`, `state`, `object_id`) VALUES (66,0,0,'T',918);
INSERT INTO `RackSpace__r` (`id`, `rev`, `rev_terminal`, `state`, `object_id`) VALUES (67,0,0,'T',919);
INSERT INTO `RackSpace__r` (`id`, `rev`, `rev_terminal`, `state`, `object_id`) VALUES (68,0,0,'T',919);
INSERT INTO `RackSpace__r` (`id`, `rev`, `rev_terminal`, `state`, `object_id`) VALUES (69,0,0,'T',919);
INSERT INTO `RackSpace__r` (`id`, `rev`, `rev_terminal`, `state`, `object_id`) VALUES (70,0,0,'T',919);
INSERT INTO `RackSpace__r` (`id`, `rev`, `rev_terminal`, `state`, `object_id`) VALUES (71,0,0,'T',919);
INSERT INTO `RackSpace__r` (`id`, `rev`, `rev_terminal`, `state`, `object_id`) VALUES (72,0,0,'T',919);
INSERT INTO `RackSpace__r` (`id`, `rev`, `rev_terminal`, `state`, `object_id`) VALUES (73,0,0,'T',919);
INSERT INTO `RackSpace__r` (`id`, `rev`, `rev_terminal`, `state`, `object_id`) VALUES (74,0,0,'T',919);
INSERT INTO `RackSpace__r` (`id`, `rev`, `rev_terminal`, `state`, `object_id`) VALUES (75,0,0,'T',919);
INSERT INTO `RackSpace__r` (`id`, `rev`, `rev_terminal`, `state`, `object_id`) VALUES (76,0,0,'T',919);
INSERT INTO `RackSpace__r` (`id`, `rev`, `rev_terminal`, `state`, `object_id`) VALUES (77,0,0,'T',919);
INSERT INTO `RackSpace__r` (`id`, `rev`, `rev_terminal`, `state`, `object_id`) VALUES (78,0,0,'T',919);
INSERT INTO `RackSpace__r` (`id`, `rev`, `rev_terminal`, `state`, `object_id`) VALUES (79,0,0,'T',919);
INSERT INTO `RackSpace__r` (`id`, `rev`, `rev_terminal`, `state`, `object_id`) VALUES (80,0,0,'T',919);
INSERT INTO `RackSpace__r` (`id`, `rev`, `rev_terminal`, `state`, `object_id`) VALUES (81,0,0,'T',919);
INSERT INTO `RackSpace__r` (`id`, `rev`, `rev_terminal`, `state`, `object_id`) VALUES (82,0,0,'T',920);
INSERT INTO `RackSpace__r` (`id`, `rev`, `rev_terminal`, `state`, `object_id`) VALUES (83,0,0,'T',920);
INSERT INTO `RackSpace__r` (`id`, `rev`, `rev_terminal`, `state`, `object_id`) VALUES (84,0,0,'T',920);
INSERT INTO `RackSpace__r` (`id`, `rev`, `rev_terminal`, `state`, `object_id`) VALUES (85,0,0,'T',920);
INSERT INTO `RackSpace__r` (`id`, `rev`, `rev_terminal`, `state`, `object_id`) VALUES (86,0,0,'T',920);
INSERT INTO `RackSpace__r` (`id`, `rev`, `rev_terminal`, `state`, `object_id`) VALUES (87,0,0,'T',920);
INSERT INTO `RackSpace__r` (`id`, `rev`, `rev_terminal`, `state`, `object_id`) VALUES (88,0,0,'T',920);
INSERT INTO `RackSpace__r` (`id`, `rev`, `rev_terminal`, `state`, `object_id`) VALUES (89,0,0,'T',920);
INSERT INTO `RackSpace__r` (`id`, `rev`, `rev_terminal`, `state`, `object_id`) VALUES (90,0,0,'T',920);
INSERT INTO `RackSpace__r` (`id`, `rev`, `rev_terminal`, `state`, `object_id`) VALUES (91,0,0,'T',920);
INSERT INTO `RackSpace__r` (`id`, `rev`, `rev_terminal`, `state`, `object_id`) VALUES (92,0,0,'T',920);
INSERT INTO `RackSpace__r` (`id`, `rev`, `rev_terminal`, `state`, `object_id`) VALUES (93,0,0,'T',920);
INSERT INTO `RackSpace__r` (`id`, `rev`, `rev_terminal`, `state`, `object_id`) VALUES (94,0,0,'T',920);
INSERT INTO `RackSpace__r` (`id`, `rev`, `rev_terminal`, `state`, `object_id`) VALUES (95,0,0,'T',920);
INSERT INTO `RackSpace__r` (`id`, `rev`, `rev_terminal`, `state`, `object_id`) VALUES (96,0,0,'T',920);
INSERT INTO `RackSpace__r` (`id`, `rev`, `rev_terminal`, `state`, `object_id`) VALUES (97,0,0,'T',920);
INSERT INTO `RackSpace__r` (`id`, `rev`, `rev_terminal`, `state`, `object_id`) VALUES (98,0,0,'T',920);
INSERT INTO `RackSpace__r` (`id`, `rev`, `rev_terminal`, `state`, `object_id`) VALUES (99,0,0,'T',920);
INSERT INTO `RackSpace__r` (`id`, `rev`, `rev_terminal`, `state`, `object_id`) VALUES (100,0,0,'T',920);
INSERT INTO `RackSpace__r` (`id`, `rev`, `rev_terminal`, `state`, `object_id`) VALUES (101,0,0,'T',920);
INSERT INTO `RackSpace__r` (`id`, `rev`, `rev_terminal`, `state`, `object_id`) VALUES (102,0,0,'T',920);
INSERT INTO `RackSpace__r` (`id`, `rev`, `rev_terminal`, `state`, `object_id`) VALUES (103,0,0,'T',920);
INSERT INTO `RackSpace__r` (`id`, `rev`, `rev_terminal`, `state`, `object_id`) VALUES (104,0,0,'T',920);
INSERT INTO `RackSpace__r` (`id`, `rev`, `rev_terminal`, `state`, `object_id`) VALUES (105,0,0,'T',920);
INSERT INTO `RackSpace__r` (`id`, `rev`, `rev_terminal`, `state`, `object_id`) VALUES (106,0,0,'T',921);
INSERT INTO `RackSpace__r` (`id`, `rev`, `rev_terminal`, `state`, `object_id`) VALUES (107,0,0,'T',921);
INSERT INTO `RackSpace__r` (`id`, `rev`, `rev_terminal`, `state`, `object_id`) VALUES (108,0,0,'T',921);
INSERT INTO `RackSpace__r` (`id`, `rev`, `rev_terminal`, `state`, `object_id`) VALUES (109,0,0,'T',921);
INSERT INTO `RackSpace__r` (`id`, `rev`, `rev_terminal`, `state`, `object_id`) VALUES (110,0,0,'T',921);
INSERT INTO `RackSpace__r` (`id`, `rev`, `rev_terminal`, `state`, `object_id`) VALUES (111,0,0,'T',921);
INSERT INTO `RackSpace__r` (`id`, `rev`, `rev_terminal`, `state`, `object_id`) VALUES (112,0,0,'T',922);
INSERT INTO `RackSpace__r` (`id`, `rev`, `rev_terminal`, `state`, `object_id`) VALUES (113,0,0,'T',922);
INSERT INTO `RackSpace__r` (`id`, `rev`, `rev_terminal`, `state`, `object_id`) VALUES (114,0,0,'T',922);
INSERT INTO `RackSpace__r` (`id`, `rev`, `rev_terminal`, `state`, `object_id`) VALUES (115,0,0,'T',922);
INSERT INTO `RackSpace__r` (`id`, `rev`, `rev_terminal`, `state`, `object_id`) VALUES (116,0,0,'T',922);
INSERT INTO `RackSpace__r` (`id`, `rev`, `rev_terminal`, `state`, `object_id`) VALUES (117,0,0,'T',922);
INSERT INTO `RackSpace__r` (`id`, `rev`, `rev_terminal`, `state`, `object_id`) VALUES (118,0,0,'T',926);
INSERT INTO `RackSpace__r` (`id`, `rev`, `rev_terminal`, `state`, `object_id`) VALUES (119,0,0,'T',926);
INSERT INTO `RackSpace__r` (`id`, `rev`, `rev_terminal`, `state`, `object_id`) VALUES (120,0,0,'T',923);
INSERT INTO `RackSpace__r` (`id`, `rev`, `rev_terminal`, `state`, `object_id`) VALUES (121,0,0,'T',923);
INSERT INTO `RackSpace__r` (`id`, `rev`, `rev_terminal`, `state`, `object_id`) VALUES (122,0,0,'T',923);
INSERT INTO `RackSpace__r` (`id`, `rev`, `rev_terminal`, `state`, `object_id`) VALUES (123,0,0,'T',924);
INSERT INTO `RackSpace__r` (`id`, `rev`, `rev_terminal`, `state`, `object_id`) VALUES (124,0,0,'T',924);
INSERT INTO `RackSpace__r` (`id`, `rev`, `rev_terminal`, `state`, `object_id`) VALUES (125,0,0,'T',924);
INSERT INTO `RackSpace__r` (`id`, `rev`, `rev_terminal`, `state`, `object_id`) VALUES (126,0,0,'T',925);
INSERT INTO `RackSpace__r` (`id`, `rev`, `rev_terminal`, `state`, `object_id`) VALUES (127,0,0,'T',925);
INSERT INTO `RackSpace__r` (`id`, `rev`, `rev_terminal`, `state`, `object_id`) VALUES (128,0,0,'T',925);
INSERT INTO `RackSpace__r` (`id`, `rev`, `rev_terminal`, `state`, `object_id`) VALUES (129,0,0,'T',927);
INSERT INTO `RackSpace__r` (`id`, `rev`, `rev_terminal`, `state`, `object_id`) VALUES (130,0,0,'T',927);
INSERT INTO `RackSpace__r` (`id`, `rev`, `rev_terminal`, `state`, `object_id`) VALUES (131,0,0,'T',927);
INSERT INTO `RackSpace__r` (`id`, `rev`, `rev_terminal`, `state`, `object_id`) VALUES (132,0,0,'T',927);
INSERT INTO `RackSpace__r` (`id`, `rev`, `rev_terminal`, `state`, `object_id`) VALUES (133,0,0,'T',927);
INSERT INTO `RackSpace__r` (`id`, `rev`, `rev_terminal`, `state`, `object_id`) VALUES (134,0,0,'T',927);
INSERT INTO `RackSpace__r` (`id`, `rev`, `rev_terminal`, `state`, `object_id`) VALUES (135,0,0,'T',944);
INSERT INTO `RackSpace__r` (`id`, `rev`, `rev_terminal`, `state`, `object_id`) VALUES (136,0,0,'T',944);
INSERT INTO `RackSpace__r` (`id`, `rev`, `rev_terminal`, `state`, `object_id`) VALUES (137,0,0,'T',944);
INSERT INTO `RackSpace__r` (`id`, `rev`, `rev_terminal`, `state`, `object_id`) VALUES (138,0,0,'T',944);
INSERT INTO `RackSpace__r` (`id`, `rev`, `rev_terminal`, `state`, `object_id`) VALUES (139,0,0,'T',944);
INSERT INTO `RackSpace__r` (`id`, `rev`, `rev_terminal`, `state`, `object_id`) VALUES (140,0,0,'T',944);
INSERT INTO `RackSpace__r` (`id`, `rev`, `rev_terminal`, `state`, `object_id`) VALUES (141,0,0,'T',942);
INSERT INTO `RackSpace__r` (`id`, `rev`, `rev_terminal`, `state`, `object_id`) VALUES (142,0,0,'T',942);
INSERT INTO `RackSpace__r` (`id`, `rev`, `rev_terminal`, `state`, `object_id`) VALUES (143,0,0,'T',942);
INSERT INTO `RackSpace__r` (`id`, `rev`, `rev_terminal`, `state`, `object_id`) VALUES (144,0,0,'T',942);
INSERT INTO `RackSpace__r` (`id`, `rev`, `rev_terminal`, `state`, `object_id`) VALUES (145,0,0,'T',942);
INSERT INTO `RackSpace__r` (`id`, `rev`, `rev_terminal`, `state`, `object_id`) VALUES (146,0,0,'T',942);
INSERT INTO `RackSpace__r` (`id`, `rev`, `rev_terminal`, `state`, `object_id`) VALUES (147,0,0,'T',942);
INSERT INTO `RackSpace__r` (`id`, `rev`, `rev_terminal`, `state`, `object_id`) VALUES (148,0,0,'T',942);
INSERT INTO `RackSpace__r` (`id`, `rev`, `rev_terminal`, `state`, `object_id`) VALUES (149,0,0,'T',942);
INSERT INTO `RackSpace__r` (`id`, `rev`, `rev_terminal`, `state`, `object_id`) VALUES (150,0,0,'T',942);
INSERT INTO `RackSpace__r` (`id`, `rev`, `rev_terminal`, `state`, `object_id`) VALUES (151,0,0,'T',942);
INSERT INTO `RackSpace__r` (`id`, `rev`, `rev_terminal`, `state`, `object_id`) VALUES (152,0,0,'T',942);
INSERT INTO `RackSpace__r` (`id`, `rev`, `rev_terminal`, `state`, `object_id`) VALUES (153,0,0,'T',942);
INSERT INTO `RackSpace__r` (`id`, `rev`, `rev_terminal`, `state`, `object_id`) VALUES (154,0,0,'T',942);
INSERT INTO `RackSpace__r` (`id`, `rev`, `rev_terminal`, `state`, `object_id`) VALUES (155,0,0,'T',942);
INSERT INTO `RackSpace__r` (`id`, `rev`, `rev_terminal`, `state`, `object_id`) VALUES (156,0,0,'T',943);
INSERT INTO `RackSpace__r` (`id`, `rev`, `rev_terminal`, `state`, `object_id`) VALUES (157,0,0,'T',943);
INSERT INTO `RackSpace__r` (`id`, `rev`, `rev_terminal`, `state`, `object_id`) VALUES (158,0,0,'T',943);
INSERT INTO `RackSpace__r` (`id`, `rev`, `rev_terminal`, `state`, `object_id`) VALUES (159,0,0,'T',943);
INSERT INTO `RackSpace__r` (`id`, `rev`, `rev_terminal`, `state`, `object_id`) VALUES (160,0,0,'T',943);
INSERT INTO `RackSpace__r` (`id`, `rev`, `rev_terminal`, `state`, `object_id`) VALUES (161,0,0,'T',943);
INSERT INTO `RackSpace__r` (`id`, `rev`, `rev_terminal`, `state`, `object_id`) VALUES (162,0,0,'T',943);
INSERT INTO `RackSpace__r` (`id`, `rev`, `rev_terminal`, `state`, `object_id`) VALUES (163,0,0,'T',943);
INSERT INTO `RackSpace__r` (`id`, `rev`, `rev_terminal`, `state`, `object_id`) VALUES (164,0,0,'T',943);
INSERT INTO `RackSpace__r` (`id`, `rev`, `rev_terminal`, `state`, `object_id`) VALUES (165,0,0,'T',943);
INSERT INTO `RackSpace__r` (`id`, `rev`, `rev_terminal`, `state`, `object_id`) VALUES (166,0,0,'T',943);
INSERT INTO `RackSpace__r` (`id`, `rev`, `rev_terminal`, `state`, `object_id`) VALUES (167,0,0,'T',943);
INSERT INTO `RackSpace__r` (`id`, `rev`, `rev_terminal`, `state`, `object_id`) VALUES (168,0,0,'T',943);
INSERT INTO `RackSpace__r` (`id`, `rev`, `rev_terminal`, `state`, `object_id`) VALUES (169,0,0,'T',943);
INSERT INTO `RackSpace__r` (`id`, `rev`, `rev_terminal`, `state`, `object_id`) VALUES (170,0,0,'T',943);
INSERT INTO `RackSpace__r` (`id`, `rev`, `rev_terminal`, `state`, `object_id`) VALUES (171,0,0,'U',NULL);
INSERT INTO `RackSpace__r` (`id`, `rev`, `rev_terminal`, `state`, `object_id`) VALUES (172,0,0,'U',NULL);
INSERT INTO `RackSpace__r` (`id`, `rev`, `rev_terminal`, `state`, `object_id`) VALUES (173,0,0,'U',NULL);
INSERT INTO `RackSpace__r` (`id`, `rev`, `rev_terminal`, `state`, `object_id`) VALUES (174,0,0,'U',NULL);
INSERT INTO `RackSpace__r` (`id`, `rev`, `rev_terminal`, `state`, `object_id`) VALUES (175,0,0,'U',NULL);
INSERT INTO `RackSpace__r` (`id`, `rev`, `rev_terminal`, `state`, `object_id`) VALUES (176,0,0,'U',NULL);
INSERT INTO `RackSpace__r` (`id`, `rev`, `rev_terminal`, `state`, `object_id`) VALUES (177,0,0,'T',954);
INSERT INTO `RackSpace__r` (`id`, `rev`, `rev_terminal`, `state`, `object_id`) VALUES (178,0,0,'T',953);
INSERT INTO `RackSpace__r` (`id`, `rev`, `rev_terminal`, `state`, `object_id`) VALUES (179,0,0,'T',952);
INSERT INTO `RackSpace__r` (`id`, `rev`, `rev_terminal`, `state`, `object_id`) VALUES (180,0,0,'T',949);
INSERT INTO `RackSpace__r` (`id`, `rev`, `rev_terminal`, `state`, `object_id`) VALUES (181,0,0,'T',931);
INSERT INTO `RackSpace__r` (`id`, `rev`, `rev_terminal`, `state`, `object_id`) VALUES (182,0,0,'T',931);
INSERT INTO `RackSpace__r` (`id`, `rev`, `rev_terminal`, `state`, `object_id`) VALUES (183,0,0,'T',929);
INSERT INTO `RackSpace__r` (`id`, `rev`, `rev_terminal`, `state`, `object_id`) VALUES (184,0,0,'T',929);
INSERT INTO `RackSpace__r` (`id`, `rev`, `rev_terminal`, `state`, `object_id`) VALUES (185,0,0,'T',941);
INSERT INTO `RackSpace__r` (`id`, `rev`, `rev_terminal`, `state`, `object_id`) VALUES (186,0,0,'T',941);
INSERT INTO `RackSpace__r` (`id`, `rev`, `rev_terminal`, `state`, `object_id`) VALUES (187,0,0,'T',941);
INSERT INTO `RackSpace__r` (`id`, `rev`, `rev_terminal`, `state`, `object_id`) VALUES (188,0,0,'T',939);
INSERT INTO `RackSpace__r` (`id`, `rev`, `rev_terminal`, `state`, `object_id`) VALUES (189,0,0,'T',937);
INSERT INTO `RackSpace__r` (`id`, `rev`, `rev_terminal`, `state`, `object_id`) VALUES (190,0,0,'T',937);
INSERT INTO `RackSpace__r` (`id`, `rev`, `rev_terminal`, `state`, `object_id`) VALUES (191,0,0,'T',935);
INSERT INTO `RackSpace__r` (`id`, `rev`, `rev_terminal`, `state`, `object_id`) VALUES (192,0,0,'T',933);
INSERT INTO `RackSpace__r` (`id`, `rev`, `rev_terminal`, `state`, `object_id`) VALUES (193,0,0,'T',946);
INSERT INTO `RackSpace__r` (`id`, `rev`, `rev_terminal`, `state`, `object_id`) VALUES (194,0,0,'T',930);
INSERT INTO `RackSpace__r` (`id`, `rev`, `rev_terminal`, `state`, `object_id`) VALUES (195,0,0,'T',928);
INSERT INTO `RackSpace__r` (`id`, `rev`, `rev_terminal`, `state`, `object_id`) VALUES (196,0,0,'T',940);
INSERT INTO `RackSpace__r` (`id`, `rev`, `rev_terminal`, `state`, `object_id`) VALUES (197,0,0,'T',938);
INSERT INTO `RackSpace__r` (`id`, `rev`, `rev_terminal`, `state`, `object_id`) VALUES (198,0,0,'T',936);
INSERT INTO `RackSpace__r` (`id`, `rev`, `rev_terminal`, `state`, `object_id`) VALUES (199,0,0,'T',934);
INSERT INTO `RackSpace__r` (`id`, `rev`, `rev_terminal`, `state`, `object_id`) VALUES (200,0,0,'T',932);
INSERT INTO `RackSpace__r` (`id`, `rev`, `rev_terminal`, `state`, `object_id`) VALUES (201,0,0,'A',NULL);
INSERT INTO `RackSpace__r` (`id`, `rev`, `rev_terminal`, `state`, `object_id`) VALUES (202,0,0,'A',NULL);
INSERT INTO `RackSpace__r` (`id`, `rev`, `rev_terminal`, `state`, `object_id`) VALUES (203,0,0,'A',NULL);
INSERT INTO `RackSpace__r` (`id`, `rev`, `rev_terminal`, `state`, `object_id`) VALUES (204,0,0,'A',NULL);
INSERT INTO `RackSpace__r` (`id`, `rev`, `rev_terminal`, `state`, `object_id`) VALUES (205,0,0,'A',NULL);
INSERT INTO `RackSpace__r` (`id`, `rev`, `rev_terminal`, `state`, `object_id`) VALUES (206,0,0,'A',NULL);
INSERT INTO `RackSpace__r` (`id`, `rev`, `rev_terminal`, `state`, `object_id`) VALUES (207,0,0,'A',NULL);
INSERT INTO `RackSpace__r` (`id`, `rev`, `rev_terminal`, `state`, `object_id`) VALUES (208,0,0,'A',NULL);
INSERT INTO `RackSpace__r` (`id`, `rev`, `rev_terminal`, `state`, `object_id`) VALUES (209,0,0,'A',NULL);
INSERT INTO `RackSpace__r` (`id`, `rev`, `rev_terminal`, `state`, `object_id`) VALUES (210,0,0,'A',NULL);
INSERT INTO `RackSpace__r` (`id`, `rev`, `rev_terminal`, `state`, `object_id`) VALUES (211,0,0,'A',NULL);
INSERT INTO `RackSpace__r` (`id`, `rev`, `rev_terminal`, `state`, `object_id`) VALUES (212,0,0,'A',NULL);
INSERT INTO `RackSpace__r` (`id`, `rev`, `rev_terminal`, `state`, `object_id`) VALUES (213,0,0,'T',955);
INSERT INTO `RackSpace__r` (`id`, `rev`, `rev_terminal`, `state`, `object_id`) VALUES (214,0,0,'T',951);
INSERT INTO `RackSpace__r` (`id`, `rev`, `rev_terminal`, `state`, `object_id`) VALUES (215,0,0,'T',948);
INSERT INTO `RackSpace__r` (`id`, `rev`, `rev_terminal`, `state`, `object_id`) VALUES (216,0,0,'T',950);
INSERT INTO `RackSpace__r` (`id`, `rev`, `rev_terminal`, `state`, `object_id`) VALUES (217,0,0,'T',947);
INSERT INTO `RackSpace__r` (`id`, `rev`, `rev_terminal`, `state`, `object_id`) VALUES (218,0,0,'T',931);
INSERT INTO `RackSpace__r` (`id`, `rev`, `rev_terminal`, `state`, `object_id`) VALUES (219,0,0,'T',931);
INSERT INTO `RackSpace__r` (`id`, `rev`, `rev_terminal`, `state`, `object_id`) VALUES (220,0,0,'T',929);
INSERT INTO `RackSpace__r` (`id`, `rev`, `rev_terminal`, `state`, `object_id`) VALUES (221,0,0,'T',929);
INSERT INTO `RackSpace__r` (`id`, `rev`, `rev_terminal`, `state`, `object_id`) VALUES (222,0,0,'T',939);
INSERT INTO `RackSpace__r` (`id`, `rev`, `rev_terminal`, `state`, `object_id`) VALUES (223,0,0,'T',939);
INSERT INTO `RackSpace__r` (`id`, `rev`, `rev_terminal`, `state`, `object_id`) VALUES (224,0,0,'T',937);
INSERT INTO `RackSpace__r` (`id`, `rev`, `rev_terminal`, `state`, `object_id`) VALUES (225,0,0,'T',935);
INSERT INTO `RackSpace__r` (`id`, `rev`, `rev_terminal`, `state`, `object_id`) VALUES (226,0,0,'T',935);
INSERT INTO `RackSpace__r` (`id`, `rev`, `rev_terminal`, `state`, `object_id`) VALUES (227,0,0,'T',933);
INSERT INTO `RackSpace__r` (`id`, `rev`, `rev_terminal`, `state`, `object_id`) VALUES (228,0,0,'T',933);
INSERT INTO `RackSpace__r` (`id`, `rev`, `rev_terminal`, `state`, `object_id`) VALUES (229,0,0,'T',945);
INSERT INTO `RackSpace__r` (`id`, `rev`, `rev_terminal`, `state`, `object_id`) VALUES (230,0,0,'T',930);
INSERT INTO `RackSpace__r` (`id`, `rev`, `rev_terminal`, `state`, `object_id`) VALUES (231,0,0,'T',930);
INSERT INTO `RackSpace__r` (`id`, `rev`, `rev_terminal`, `state`, `object_id`) VALUES (232,0,0,'T',930);
INSERT INTO `RackSpace__r` (`id`, `rev`, `rev_terminal`, `state`, `object_id`) VALUES (233,0,0,'T',928);
INSERT INTO `RackSpace__r` (`id`, `rev`, `rev_terminal`, `state`, `object_id`) VALUES (234,0,0,'T',928);
INSERT INTO `RackSpace__r` (`id`, `rev`, `rev_terminal`, `state`, `object_id`) VALUES (235,0,0,'T',928);
INSERT INTO `RackSpace__r` (`id`, `rev`, `rev_terminal`, `state`, `object_id`) VALUES (236,0,0,'T',940);
INSERT INTO `RackSpace__r` (`id`, `rev`, `rev_terminal`, `state`, `object_id`) VALUES (237,0,0,'T',940);
INSERT INTO `RackSpace__r` (`id`, `rev`, `rev_terminal`, `state`, `object_id`) VALUES (238,0,0,'T',938);
INSERT INTO `RackSpace__r` (`id`, `rev`, `rev_terminal`, `state`, `object_id`) VALUES (239,0,0,'T',938);
INSERT INTO `RackSpace__r` (`id`, `rev`, `rev_terminal`, `state`, `object_id`) VALUES (240,0,0,'T',936);
INSERT INTO `RackSpace__r` (`id`, `rev`, `rev_terminal`, `state`, `object_id`) VALUES (241,0,0,'T',936);
INSERT INTO `RackSpace__r` (`id`, `rev`, `rev_terminal`, `state`, `object_id`) VALUES (242,0,0,'T',934);
INSERT INTO `RackSpace__r` (`id`, `rev`, `rev_terminal`, `state`, `object_id`) VALUES (243,0,0,'T',934);
INSERT INTO `RackSpace__r` (`id`, `rev`, `rev_terminal`, `state`, `object_id`) VALUES (244,0,0,'T',932);
INSERT INTO `RackSpace__r` (`id`, `rev`, `rev_terminal`, `state`, `object_id`) VALUES (245,0,0,'T',932);
INSERT INTO `RackSpace__r` (`id`, `rev`, `rev_terminal`, `state`, `object_id`) VALUES (246,0,0,'T',917);
INSERT INTO `RackSpace__r` (`id`, `rev`, `rev_terminal`, `state`, `object_id`) VALUES (247,0,0,'T',917);
INSERT INTO `RackSpace__r` (`id`, `rev`, `rev_terminal`, `state`, `object_id`) VALUES (248,0,0,'T',917);
INSERT INTO `RackSpace__r` (`id`, `rev`, `rev_terminal`, `state`, `object_id`) VALUES (249,0,0,'T',917);
INSERT INTO `RackSpace__r` (`id`, `rev`, `rev_terminal`, `state`, `object_id`) VALUES (250,0,0,'T',956);
INSERT INTO `RackSpace__r` (`id`, `rev`, `rev_terminal`, `state`, `object_id`) VALUES (251,0,0,'T',956);
INSERT INTO `RackSpace__r` (`id`, `rev`, `rev_terminal`, `state`, `object_id`) VALUES (252,0,0,'T',956);
INSERT INTO `RackSpace__r` (`id`, `rev`, `rev_terminal`, `state`, `object_id`) VALUES (253,0,0,'T',957);
INSERT INTO `RackSpace__r` (`id`, `rev`, `rev_terminal`, `state`, `object_id`) VALUES (254,0,0,'T',957);
INSERT INTO `RackSpace__r` (`id`, `rev`, `rev_terminal`, `state`, `object_id`) VALUES (255,0,0,'T',957);
INSERT INTO `RackSpace__r` (`id`, `rev`, `rev_terminal`, `state`, `object_id`) VALUES (256,0,0,'T',958);
INSERT INTO `RackSpace__r` (`id`, `rev`, `rev_terminal`, `state`, `object_id`) VALUES (257,0,0,'T',958);
INSERT INTO `RackSpace__r` (`id`, `rev`, `rev_terminal`, `state`, `object_id`) VALUES (258,0,0,'T',958);
INSERT INTO `RackSpace__r` (`id`, `rev`, `rev_terminal`, `state`, `object_id`) VALUES (259,0,0,'T',959);
INSERT INTO `RackSpace__r` (`id`, `rev`, `rev_terminal`, `state`, `object_id`) VALUES (260,0,0,'T',959);
INSERT INTO `RackSpace__r` (`id`, `rev`, `rev_terminal`, `state`, `object_id`) VALUES (261,0,0,'T',959);
INSERT INTO `RackSpace__r` (`id`, `rev`, `rev_terminal`, `state`, `object_id`) VALUES (262,0,0,'T',960);
INSERT INTO `RackSpace__r` (`id`, `rev`, `rev_terminal`, `state`, `object_id`) VALUES (263,0,0,'T',960);
INSERT INTO `RackSpace__r` (`id`, `rev`, `rev_terminal`, `state`, `object_id`) VALUES (264,0,0,'T',960);
INSERT INTO `RackSpace__r` (`id`, `rev`, `rev_terminal`, `state`, `object_id`) VALUES (265,0,0,'T',961);
INSERT INTO `RackSpace__r` (`id`, `rev`, `rev_terminal`, `state`, `object_id`) VALUES (266,0,0,'T',961);
INSERT INTO `RackSpace__r` (`id`, `rev`, `rev_terminal`, `state`, `object_id`) VALUES (267,0,0,'T',962);
INSERT INTO `RackSpace__r` (`id`, `rev`, `rev_terminal`, `state`, `object_id`) VALUES (268,0,0,'T',962);
20a4337,4344
INSERT INTO `Rack__r` (`id`, `rev`, `rev_terminal`, `name`, `row_id`, `height`, `comment`) VALUES (40,0,0,'L01',50003,42,'test');
INSERT INTO `Rack__r` (`id`, `rev`, `rev_terminal`, `name`, `row_id`, `height`, `comment`) VALUES (41,0,0,'L02',50003,12,'network equipment mini-rack');
INSERT INTO `Rack__r` (`id`, `rev`, `rev_terminal`, `name`, `row_id`, `height`, `comment`) VALUES (42,0,0,'L03',50003,42,'');
INSERT INTO `Rack__r` (`id`, `rev`, `rev_terminal`, `name`, `row_id`, `height`, `comment`) VALUES (43,0,0,'NY100',50002,16,'');
INSERT INTO `Rack__r` (`id`, `rev`, `rev_terminal`, `name`, `row_id`, `height`, `comment`) VALUES (44,0,0,'NY101',50002,42,'server farm wing A');
INSERT INTO `Rack__r` (`id`, `rev`, `rev_terminal`, `name`, `row_id`, `height`, `comment`) VALUES (45,0,0,'M01',50000,42,'');
INSERT INTO `Rack__r` (`id`, `rev`, `rev_terminal`, `name`, `row_id`, `height`, `comment`) VALUES (46,0,0,'NY102',50002,42,'server farm wing B');
INSERT INTO `Rack__r` (`id`, `rev`, `rev_terminal`, `name`, `row_id`, `height`, `comment`) VALUES (47,0,0,'T01',50001,16,'');
69a4394,4483
INSERT INTO `TagStorage` (`id`, `entity_realm`, `entity_id`, `tag_id`) VALUES (1,'ipv4net',96,8);
INSERT INTO `TagStorage` (`id`, `entity_realm`, `entity_id`, `tag_id`) VALUES (2,'ipv4net',96,19);
INSERT INTO `TagStorage` (`id`, `entity_realm`, `entity_id`, `tag_id`) VALUES (3,'ipv4net',97,8);
INSERT INTO `TagStorage` (`id`, `entity_realm`, `entity_id`, `tag_id`) VALUES (4,'ipv4net',97,19);
INSERT INTO `TagStorage` (`id`, `entity_realm`, `entity_id`, `tag_id`) VALUES (5,'ipv4net',98,9);
INSERT INTO `TagStorage` (`id`, `entity_realm`, `entity_id`, `tag_id`) VALUES (6,'ipv4net',98,19);
INSERT INTO `TagStorage` (`id`, `entity_realm`, `entity_id`, `tag_id`) VALUES (7,'ipv4net',99,9);
INSERT INTO `TagStorage` (`id`, `entity_realm`, `entity_id`, `tag_id`) VALUES (8,'ipv4net',99,19);
INSERT INTO `TagStorage` (`id`, `entity_realm`, `entity_id`, `tag_id`) VALUES (9,'ipv4net',102,7);
INSERT INTO `TagStorage` (`id`, `entity_realm`, `entity_id`, `tag_id`) VALUES (10,'ipv4net',102,8);
INSERT INTO `TagStorage` (`id`, `entity_realm`, `entity_id`, `tag_id`) VALUES (11,'ipv4net',102,11);
INSERT INTO `TagStorage` (`id`, `entity_realm`, `entity_id`, `tag_id`) VALUES (12,'ipv4net',102,18);
INSERT INTO `TagStorage` (`id`, `entity_realm`, `entity_id`, `tag_id`) VALUES (13,'ipv4net',103,8);
INSERT INTO `TagStorage` (`id`, `entity_realm`, `entity_id`, `tag_id`) VALUES (14,'ipv4net',103,9);
INSERT INTO `TagStorage` (`id`, `entity_realm`, `entity_id`, `tag_id`) VALUES (15,'ipv4net',103,11);
INSERT INTO `TagStorage` (`id`, `entity_realm`, `entity_id`, `tag_id`) VALUES (16,'ipv4net',103,18);
INSERT INTO `TagStorage` (`id`, `entity_realm`, `entity_id`, `tag_id`) VALUES (17,'ipv4net',104,9);
INSERT INTO `TagStorage` (`id`, `entity_realm`, `entity_id`, `tag_id`) VALUES (18,'ipv4net',104,10);
INSERT INTO `TagStorage` (`id`, `entity_realm`, `entity_id`, `tag_id`) VALUES (19,'ipv4net',104,11);
INSERT INTO `TagStorage` (`id`, `entity_realm`, `entity_id`, `tag_id`) VALUES (20,'ipv4net',104,18);
INSERT INTO `TagStorage` (`id`, `entity_realm`, `entity_id`, `tag_id`) VALUES (21,'ipv4net',105,7);
INSERT INTO `TagStorage` (`id`, `entity_realm`, `entity_id`, `tag_id`) VALUES (22,'ipv4net',105,10);
INSERT INTO `TagStorage` (`id`, `entity_realm`, `entity_id`, `tag_id`) VALUES (23,'ipv4net',105,11);
INSERT INTO `TagStorage` (`id`, `entity_realm`, `entity_id`, `tag_id`) VALUES (24,'ipv4net',105,18);
INSERT INTO `TagStorage` (`id`, `entity_realm`, `entity_id`, `tag_id`) VALUES (25,'ipv4net',106,7);
INSERT INTO `TagStorage` (`id`, `entity_realm`, `entity_id`, `tag_id`) VALUES (26,'ipv4net',106,19);
INSERT INTO `TagStorage` (`id`, `entity_realm`, `entity_id`, `tag_id`) VALUES (27,'ipv4net',107,7);
INSERT INTO `TagStorage` (`id`, `entity_realm`, `entity_id`, `tag_id`) VALUES (28,'ipv4net',107,19);
INSERT INTO `TagStorage` (`id`, `entity_realm`, `entity_id`, `tag_id`) VALUES (29,'ipv4net',108,10);
INSERT INTO `TagStorage` (`id`, `entity_realm`, `entity_id`, `tag_id`) VALUES (30,'ipv4net',108,19);
INSERT INTO `TagStorage` (`id`, `entity_realm`, `entity_id`, `tag_id`) VALUES (31,'object',905,3);
INSERT INTO `TagStorage` (`id`, `entity_realm`, `entity_id`, `tag_id`) VALUES (32,'object',905,8);
INSERT INTO `TagStorage` (`id`, `entity_realm`, `entity_id`, `tag_id`) VALUES (33,'object',908,4);
INSERT INTO `TagStorage` (`id`, `entity_realm`, `entity_id`, `tag_id`) VALUES (34,'object',908,7);
INSERT INTO `TagStorage` (`id`, `entity_realm`, `entity_id`, `tag_id`) VALUES (35,'object',909,3);
INSERT INTO `TagStorage` (`id`, `entity_realm`, `entity_id`, `tag_id`) VALUES (36,'object',909,10);
INSERT INTO `TagStorage` (`id`, `entity_realm`, `entity_id`, `tag_id`) VALUES (37,'object',910,8);
INSERT INTO `TagStorage` (`id`, `entity_realm`, `entity_id`, `tag_id`) VALUES (38,'object',911,8);
INSERT INTO `TagStorage` (`id`, `entity_realm`, `entity_id`, `tag_id`) VALUES (39,'object',912,8);
INSERT INTO `TagStorage` (`id`, `entity_realm`, `entity_id`, `tag_id`) VALUES (40,'object',913,8);
INSERT INTO `TagStorage` (`id`, `entity_realm`, `entity_id`, `tag_id`) VALUES (41,'object',914,8);
INSERT INTO `TagStorage` (`id`, `entity_realm`, `entity_id`, `tag_id`) VALUES (42,'object',918,8);
INSERT INTO `TagStorage` (`id`, `entity_realm`, `entity_id`, `tag_id`) VALUES (43,'object',919,8);
INSERT INTO `TagStorage` (`id`, `entity_realm`, `entity_id`, `tag_id`) VALUES (44,'object',923,10);
INSERT INTO `TagStorage` (`id`, `entity_realm`, `entity_id`, `tag_id`) VALUES (45,'object',924,10);
INSERT INTO `TagStorage` (`id`, `entity_realm`, `entity_id`, `tag_id`) VALUES (46,'object',925,10);
INSERT INTO `TagStorage` (`id`, `entity_realm`, `entity_id`, `tag_id`) VALUES (47,'object',928,9);
INSERT INTO `TagStorage` (`id`, `entity_realm`, `entity_id`, `tag_id`) VALUES (48,'object',928,15);
INSERT INTO `TagStorage` (`id`, `entity_realm`, `entity_id`, `tag_id`) VALUES (49,'object',929,9);
INSERT INTO `TagStorage` (`id`, `entity_realm`, `entity_id`, `tag_id`) VALUES (50,'object',929,15);
INSERT INTO `TagStorage` (`id`, `entity_realm`, `entity_id`, `tag_id`) VALUES (51,'object',932,9);
INSERT INTO `TagStorage` (`id`, `entity_realm`, `entity_id`, `tag_id`) VALUES (52,'object',933,9);
INSERT INTO `TagStorage` (`id`, `entity_realm`, `entity_id`, `tag_id`) VALUES (53,'object',934,9);
INSERT INTO `TagStorage` (`id`, `entity_realm`, `entity_id`, `tag_id`) VALUES (54,'object',935,9);
INSERT INTO `TagStorage` (`id`, `entity_realm`, `entity_id`, `tag_id`) VALUES (55,'object',936,9);
INSERT INTO `TagStorage` (`id`, `entity_realm`, `entity_id`, `tag_id`) VALUES (56,'object',937,9);
INSERT INTO `TagStorage` (`id`, `entity_realm`, `entity_id`, `tag_id`) VALUES (57,'object',938,9);
INSERT INTO `TagStorage` (`id`, `entity_realm`, `entity_id`, `tag_id`) VALUES (58,'object',939,9);
INSERT INTO `TagStorage` (`id`, `entity_realm`, `entity_id`, `tag_id`) VALUES (59,'object',940,9);
INSERT INTO `TagStorage` (`id`, `entity_realm`, `entity_id`, `tag_id`) VALUES (60,'object',941,9);
INSERT INTO `TagStorage` (`id`, `entity_realm`, `entity_id`, `tag_id`) VALUES (61,'object',956,4);
INSERT INTO `TagStorage` (`id`, `entity_realm`, `entity_id`, `tag_id`) VALUES (62,'object',956,7);
INSERT INTO `TagStorage` (`id`, `entity_realm`, `entity_id`, `tag_id`) VALUES (63,'object',957,4);
INSERT INTO `TagStorage` (`id`, `entity_realm`, `entity_id`, `tag_id`) VALUES (64,'object',957,7);
INSERT INTO `TagStorage` (`id`, `entity_realm`, `entity_id`, `tag_id`) VALUES (65,'object',958,4);
INSERT INTO `TagStorage` (`id`, `entity_realm`, `entity_id`, `tag_id`) VALUES (66,'object',958,7);
INSERT INTO `TagStorage` (`id`, `entity_realm`, `entity_id`, `tag_id`) VALUES (67,'object',959,4);
INSERT INTO `TagStorage` (`id`, `entity_realm`, `entity_id`, `tag_id`) VALUES (68,'object',959,7);
INSERT INTO `TagStorage` (`id`, `entity_realm`, `entity_id`, `tag_id`) VALUES (69,'object',960,4);
INSERT INTO `TagStorage` (`id`, `entity_realm`, `entity_id`, `tag_id`) VALUES (70,'object',960,7);
INSERT INTO `TagStorage` (`id`, `entity_realm`, `entity_id`, `tag_id`) VALUES (71,'object',961,4);
INSERT INTO `TagStorage` (`id`, `entity_realm`, `entity_id`, `tag_id`) VALUES (72,'object',961,7);
INSERT INTO `TagStorage` (`id`, `entity_realm`, `entity_id`, `tag_id`) VALUES (73,'object',962,4);
INSERT INTO `TagStorage` (`id`, `entity_realm`, `entity_id`, `tag_id`) VALUES (74,'object',962,7);
INSERT INTO `TagStorage` (`id`, `entity_realm`, `entity_id`, `tag_id`) VALUES (75,'rack',40,8);
INSERT INTO `TagStorage` (`id`, `entity_realm`, `entity_id`, `tag_id`) VALUES (76,'rack',40,13);
INSERT INTO `TagStorage` (`id`, `entity_realm`, `entity_id`, `tag_id`) VALUES (77,'rack',41,8);
INSERT INTO `TagStorage` (`id`, `entity_realm`, `entity_id`, `tag_id`) VALUES (78,'rack',41,14);
INSERT INTO `TagStorage` (`id`, `entity_realm`, `entity_id`, `tag_id`) VALUES (79,'rack',42,8);
INSERT INTO `TagStorage` (`id`, `entity_realm`, `entity_id`, `tag_id`) VALUES (80,'rack',42,13);
INSERT INTO `TagStorage` (`id`, `entity_realm`, `entity_id`, `tag_id`) VALUES (81,'rack',43,9);
INSERT INTO `TagStorage` (`id`, `entity_realm`, `entity_id`, `tag_id`) VALUES (82,'rack',43,14);
INSERT INTO `TagStorage` (`id`, `entity_realm`, `entity_id`, `tag_id`) VALUES (83,'rack',44,9);
INSERT INTO `TagStorage` (`id`, `entity_realm`, `entity_id`, `tag_id`) VALUES (84,'rack',44,13);
INSERT INTO `TagStorage` (`id`, `entity_realm`, `entity_id`, `tag_id`) VALUES (85,'rack',45,7);
INSERT INTO `TagStorage` (`id`, `entity_realm`, `entity_id`, `tag_id`) VALUES (86,'rack',45,13);
INSERT INTO `TagStorage` (`id`, `entity_realm`, `entity_id`, `tag_id`) VALUES (87,'rack',46,9);
INSERT INTO `TagStorage` (`id`, `entity_realm`, `entity_id`, `tag_id`) VALUES (88,'rack',46,13);
INSERT INTO `TagStorage` (`id`, `entity_realm`, `entity_id`, `tag_id`) VALUES (89,'rack',47,10);
INSERT INTO `TagStorage` (`id`, `entity_realm`, `entity_id`, `tag_id`) VALUES (90,'rack',47,14);
88a4503,4592
INSERT INTO `TagStorage__r` (`id`, `rev`, `rev_terminal`) VALUES (1,0,0);
INSERT INTO `TagStorage__r` (`id`, `rev`, `rev_terminal`) VALUES (2,0,0);
INSERT INTO `TagStorage__r` (`id`, `rev`, `rev_terminal`) VALUES (3,0,0);
INSERT INTO `TagStorage__r` (`id`, `rev`, `rev_terminal`) VALUES (4,0,0);
INSERT INTO `TagStorage__r` (`id`, `rev`, `rev_terminal`) VALUES (5,0,0);
INSERT INTO `TagStorage__r` (`id`, `rev`, `rev_terminal`) VALUES (6,0,0);
INSERT INTO `TagStorage__r` (`id`, `rev`, `rev_terminal`) VALUES (7,0,0);
INSERT INTO `TagStorage__r` (`id`, `rev`, `rev_terminal`) VALUES (8,0,0);
INSERT INTO `TagStorage__r` (`id`, `rev`, `rev_terminal`) VALUES (9,0,0);
INSERT INTO `TagStorage__r` (`id`, `rev`, `rev_terminal`) VALUES (10,0,0);
INSERT INTO `TagStorage__r` (`id`, `rev`, `rev_terminal`) VALUES (11,0,0);
INSERT INTO `TagStorage__r` (`id`, `rev`, `rev_terminal`) VALUES (12,0,0);
INSERT INTO `TagStorage__r` (`id`, `rev`, `rev_terminal`) VALUES (13,0,0);
INSERT INTO `TagStorage__r` (`id`, `rev`, `rev_terminal`) VALUES (14,0,0);
INSERT INTO `TagStorage__r` (`id`, `rev`, `rev_terminal`) VALUES (15,0,0);
INSERT INTO `TagStorage__r` (`id`, `rev`, `rev_terminal`) VALUES (16,0,0);
INSERT INTO `TagStorage__r` (`id`, `rev`, `rev_terminal`) VALUES (17,0,0);
INSERT INTO `TagStorage__r` (`id`, `rev`, `rev_terminal`) VALUES (18,0,0);
INSERT INTO `TagStorage__r` (`id`, `rev`, `rev_terminal`) VALUES (19,0,0);
INSERT INTO `TagStorage__r` (`id`, `rev`, `rev_terminal`) VALUES (20,0,0);
INSERT INTO `TagStorage__r` (`id`, `rev`, `rev_terminal`) VALUES (21,0,0);
INSERT INTO `TagStorage__r` (`id`, `rev`, `rev_terminal`) VALUES (22,0,0);
INSERT INTO `TagStorage__r` (`id`, `rev`, `rev_terminal`) VALUES (23,0,0);
INSERT INTO `TagStorage__r` (`id`, `rev`, `rev_terminal`) VALUES (24,0,0);
INSERT INTO `TagStorage__r` (`id`, `rev`, `rev_terminal`) VALUES (25,0,0);
INSERT INTO `TagStorage__r` (`id`, `rev`, `rev_terminal`) VALUES (26,0,0);
INSERT INTO `TagStorage__r` (`id`, `rev`, `rev_terminal`) VALUES (27,0,0);
INSERT INTO `TagStorage__r` (`id`, `rev`, `rev_terminal`) VALUES (28,0,0);
INSERT INTO `TagStorage__r` (`id`, `rev`, `rev_terminal`) VALUES (29,0,0);
INSERT INTO `TagStorage__r` (`id`, `rev`, `rev_terminal`) VALUES (30,0,0);
INSERT INTO `TagStorage__r` (`id`, `rev`, `rev_terminal`) VALUES (31,0,0);
INSERT INTO `TagStorage__r` (`id`, `rev`, `rev_terminal`) VALUES (32,0,0);
INSERT INTO `TagStorage__r` (`id`, `rev`, `rev_terminal`) VALUES (33,0,0);
INSERT INTO `TagStorage__r` (`id`, `rev`, `rev_terminal`) VALUES (34,0,0);
INSERT INTO `TagStorage__r` (`id`, `rev`, `rev_terminal`) VALUES (35,0,0);
INSERT INTO `TagStorage__r` (`id`, `rev`, `rev_terminal`) VALUES (36,0,0);
INSERT INTO `TagStorage__r` (`id`, `rev`, `rev_terminal`) VALUES (37,0,0);
INSERT INTO `TagStorage__r` (`id`, `rev`, `rev_terminal`) VALUES (38,0,0);
INSERT INTO `TagStorage__r` (`id`, `rev`, `rev_terminal`) VALUES (39,0,0);
INSERT INTO `TagStorage__r` (`id`, `rev`, `rev_terminal`) VALUES (40,0,0);
INSERT INTO `TagStorage__r` (`id`, `rev`, `rev_terminal`) VALUES (41,0,0);
INSERT INTO `TagStorage__r` (`id`, `rev`, `rev_terminal`) VALUES (42,0,0);
INSERT INTO `TagStorage__r` (`id`, `rev`, `rev_terminal`) VALUES (43,0,0);
INSERT INTO `TagStorage__r` (`id`, `rev`, `rev_terminal`) VALUES (44,0,0);
INSERT INTO `TagStorage__r` (`id`, `rev`, `rev_terminal`) VALUES (45,0,0);
INSERT INTO `TagStorage__r` (`id`, `rev`, `rev_terminal`) VALUES (46,0,0);
INSERT INTO `TagStorage__r` (`id`, `rev`, `rev_terminal`) VALUES (47,0,0);
INSERT INTO `TagStorage__r` (`id`, `rev`, `rev_terminal`) VALUES (48,0,0);
INSERT INTO `TagStorage__r` (`id`, `rev`, `rev_terminal`) VALUES (49,0,0);
INSERT INTO `TagStorage__r` (`id`, `rev`, `rev_terminal`) VALUES (50,0,0);
INSERT INTO `TagStorage__r` (`id`, `rev`, `rev_terminal`) VALUES (51,0,0);
INSERT INTO `TagStorage__r` (`id`, `rev`, `rev_terminal`) VALUES (52,0,0);
INSERT INTO `TagStorage__r` (`id`, `rev`, `rev_terminal`) VALUES (53,0,0);
INSERT INTO `TagStorage__r` (`id`, `rev`, `rev_terminal`) VALUES (54,0,0);
INSERT INTO `TagStorage__r` (`id`, `rev`, `rev_terminal`) VALUES (55,0,0);
INSERT INTO `TagStorage__r` (`id`, `rev`, `rev_terminal`) VALUES (56,0,0);
INSERT INTO `TagStorage__r` (`id`, `rev`, `rev_terminal`) VALUES (57,0,0);
INSERT INTO `TagStorage__r` (`id`, `rev`, `rev_terminal`) VALUES (58,0,0);
INSERT INTO `TagStorage__r` (`id`, `rev`, `rev_terminal`) VALUES (59,0,0);
INSERT INTO `TagStorage__r` (`id`, `rev`, `rev_terminal`) VALUES (60,0,0);
INSERT INTO `TagStorage__r` (`id`, `rev`, `rev_terminal`) VALUES (61,0,0);
INSERT INTO `TagStorage__r` (`id`, `rev`, `rev_terminal`) VALUES (62,0,0);
INSERT INTO `TagStorage__r` (`id`, `rev`, `rev_terminal`) VALUES (63,0,0);
INSERT INTO `TagStorage__r` (`id`, `rev`, `rev_terminal`) VALUES (64,0,0);
INSERT INTO `TagStorage__r` (`id`, `rev`, `rev_terminal`) VALUES (65,0,0);
INSERT INTO `TagStorage__r` (`id`, `rev`, `rev_terminal`) VALUES (66,0,0);
INSERT INTO `TagStorage__r` (`id`, `rev`, `rev_terminal`) VALUES (67,0,0);
INSERT INTO `TagStorage__r` (`id`, `rev`, `rev_terminal`) VALUES (68,0,0);
INSERT INTO `TagStorage__r` (`id`, `rev`, `rev_terminal`) VALUES (69,0,0);
INSERT INTO `TagStorage__r` (`id`, `rev`, `rev_terminal`) VALUES (70,0,0);
INSERT INTO `TagStorage__r` (`id`, `rev`, `rev_terminal`) VALUES (71,0,0);
INSERT INTO `TagStorage__r` (`id`, `rev`, `rev_terminal`) VALUES (72,0,0);
INSERT INTO `TagStorage__r` (`id`, `rev`, `rev_terminal`) VALUES (73,0,0);
INSERT INTO `TagStorage__r` (`id`, `rev`, `rev_terminal`) VALUES (74,0,0);
INSERT INTO `TagStorage__r` (`id`, `rev`, `rev_terminal`) VALUES (75,0,0);
INSERT INTO `TagStorage__r` (`id`, `rev`, `rev_terminal`) VALUES (76,0,0);
INSERT INTO `TagStorage__r` (`id`, `rev`, `rev_terminal`) VALUES (77,0,0);
INSERT INTO `TagStorage__r` (`id`, `rev`, `rev_terminal`) VALUES (78,0,0);
INSERT INTO `TagStorage__r` (`id`, `rev`, `rev_terminal`) VALUES (79,0,0);
INSERT INTO `TagStorage__r` (`id`, `rev`, `rev_terminal`) VALUES (80,0,0);
INSERT INTO `TagStorage__r` (`id`, `rev`, `rev_terminal`) VALUES (81,0,0);
INSERT INTO `TagStorage__r` (`id`, `rev`, `rev_terminal`) VALUES (82,0,0);
INSERT INTO `TagStorage__r` (`id`, `rev`, `rev_terminal`) VALUES (83,0,0);
INSERT INTO `TagStorage__r` (`id`, `rev`, `rev_terminal`) VALUES (84,0,0);
INSERT INTO `TagStorage__r` (`id`, `rev`, `rev_terminal`) VALUES (85,0,0);
INSERT INTO `TagStorage__r` (`id`, `rev`, `rev_terminal`) VALUES (86,0,0);
INSERT INTO `TagStorage__r` (`id`, `rev`, `rev_terminal`) VALUES (87,0,0);
INSERT INTO `TagStorage__r` (`id`, `rev`, `rev_terminal`) VALUES (88,0,0);
INSERT INTO `TagStorage__r` (`id`, `rev`, `rev_terminal`) VALUES (89,0,0);
INSERT INTO `TagStorage__r` (`id`, `rev`, `rev_terminal`) VALUES (90,0,0);
02a4607,4625
INSERT INTO `TagTree` (`id`) VALUES (1);
INSERT INTO `TagTree` (`id`) VALUES (2);
INSERT INTO `TagTree` (`id`) VALUES (3);
INSERT INTO `TagTree` (`id`) VALUES (4);
INSERT INTO `TagTree` (`id`) VALUES (5);
INSERT INTO `TagTree` (`id`) VALUES (6);
INSERT INTO `TagTree` (`id`) VALUES (7);
INSERT INTO `TagTree` (`id`) VALUES (8);
INSERT INTO `TagTree` (`id`) VALUES (9);
INSERT INTO `TagTree` (`id`) VALUES (10);
INSERT INTO `TagTree` (`id`) VALUES (11);
INSERT INTO `TagTree` (`id`) VALUES (12);
INSERT INTO `TagTree` (`id`) VALUES (13);
INSERT INTO `TagTree` (`id`) VALUES (14);
INSERT INTO `TagTree` (`id`) VALUES (15);
INSERT INTO `TagTree` (`id`) VALUES (16);
INSERT INTO `TagTree` (`id`) VALUES (17);
INSERT INTO `TagTree` (`id`) VALUES (18);
INSERT INTO `TagTree` (`id`) VALUES (19);
24a4648,4666
INSERT INTO `TagTree__r` (`id`, `rev`, `rev_terminal`, `parent_id`, `valid_realm`, `tag`) VALUES (1,0,0,16,'file,ipv4net,ipv4vs,ipv4rspool,object,rack,user','east');
INSERT INTO `TagTree__r` (`id`, `rev`, `rev_terminal`, `parent_id`, `valid_realm`, `tag`) VALUES (2,0,0,16,'file,ipv4net,ipv4vs,ipv4rspool,object,rack,user','west');
INSERT INTO `TagTree__r` (`id`, `rev`, `rev_terminal`, `parent_id`, `valid_realm`, `tag`) VALUES (3,0,0,NULL,'file,ipv4net,ipv4vs,ipv4rspool,object,rack,user','testing');
INSERT INTO `TagTree__r` (`id`, `rev`, `rev_terminal`, `parent_id`, `valid_realm`, `tag`) VALUES (4,0,0,NULL,'file,ipv4net,ipv4vs,ipv4rspool,object,rack,user','production');
INSERT INTO `TagTree__r` (`id`, `rev`, `rev_terminal`, `parent_id`, `valid_realm`, `tag`) VALUES (5,0,0,1,'file,ipv4net,ipv4vs,ipv4rspool,object,rack,user','far east');
INSERT INTO `TagTree__r` (`id`, `rev`, `rev_terminal`, `parent_id`, `valid_realm`, `tag`) VALUES (6,0,0,2,'file,ipv4net,ipv4vs,ipv4rspool,object,rack,user','far west');
INSERT INTO `TagTree__r` (`id`, `rev`, `rev_terminal`, `parent_id`, `valid_realm`, `tag`) VALUES (7,0,0,1,'file,ipv4net,ipv4vs,ipv4rspool,object,rack,user','');
INSERT INTO `TagTree__r` (`id`, `rev`, `rev_terminal`, `parent_id`, `valid_realm`, `tag`) VALUES (8,0,0,2,'file,ipv4net,ipv4vs,ipv4rspool,object,rack,user','London');
INSERT INTO `TagTree__r` (`id`, `rev`, `rev_terminal`, `parent_id`, `valid_realm`, `tag`) VALUES (9,0,0,6,'file,ipv4net,ipv4vs,ipv4rspool,object,rack,user','New-York');
INSERT INTO `TagTree__r` (`id`, `rev`, `rev_terminal`, `parent_id`, `valid_realm`, `tag`) VALUES (10,0,0,5,'file,ipv4net,ipv4vs,ipv4rspool,object,rack,user','');
INSERT INTO `TagTree__r` (`id`, `rev`, `rev_terminal`, `parent_id`, `valid_realm`, `tag`) VALUES (11,0,0,17,'file,ipv4net,ipv4vs,ipv4rspool,object,rack,user','WAN link');
INSERT INTO `TagTree__r` (`id`, `rev`, `rev_terminal`, `parent_id`, `valid_realm`, `tag`) VALUES (12,0,0,NULL,'file,ipv4net,ipv4vs,ipv4rspool,object,rack,user','racks');
INSERT INTO `TagTree__r` (`id`, `rev`, `rev_terminal`, `parent_id`, `valid_realm`, `tag`) VALUES (13,0,0,12,'file,ipv4net,ipv4vs,ipv4rspool,object,rack,user','tall racks');
INSERT INTO `TagTree__r` (`id`, `rev`, `rev_terminal`, `parent_id`, `valid_realm`, `tag`) VALUES (14,0,0,12,'file,ipv4net,ipv4vs,ipv4rspool,object,rack,user','low racks');
INSERT INTO `TagTree__r` (`id`, `rev`, `rev_terminal`, `parent_id`, `valid_realm`, `tag`) VALUES (15,0,0,NULL,'file,ipv4net,ipv4vs,ipv4rspool,object,rack,user','load balancer');
INSERT INTO `TagTree__r` (`id`, `rev`, `rev_terminal`, `parent_id`, `valid_realm`, `tag`) VALUES (16,0,0,NULL,'file,ipv4net,ipv4vs,ipv4rspool,object,rack,user','Geo');
INSERT INTO `TagTree__r` (`id`, `rev`, `rev_terminal`, `parent_id`, `valid_realm`, `tag`) VALUES (17,0,0,NULL,'file,ipv4net,ipv4vs,ipv4rspool,object,rack,user','network');
INSERT INTO `TagTree__r` (`id`, `rev`, `rev_terminal`, `parent_id`, `valid_realm`, `tag`) VALUES (18,0,0,17,'file,ipv4net,ipv4vs,ipv4rspool,object,rack,user','small network');
INSERT INTO `TagTree__r` (`id`, `rev`, `rev_terminal`, `parent_id`, `valid_realm`, `tag`) VALUES (19,0,0,17,'file,ipv4net,ipv4vs,ipv4rspool,object,rack,user','medium network');
